stratum,variable,valid_n,missing_n,mean,standard_deviation,median,first_quartile,third_quartile,interquartile_range,minimum,maximum,skewness,kurtosis,comparison,group,standardized_mean_difference
operational_threshold_day=False,tmax,6097,0,31.99027732,2.28370794,32.210426,30.550425,33.720425,3.17,21.460424,35.990425,-0.6243567492,0.3833454975,operational_threshold_day,False,2.892928092
operational_threshold_day=False,tmin,6097,0,23.69469426,3.051825158,24.390425,21.880424,26.020426,4.140002,12.060426,29.500425,-0.8980941632,0.3659801918,operational_threshold_day,False,0.912350818
operational_threshold_day=False,tmean,6097,0,27.55950632,2.214118151,27.88459,26.296259,29.155005,2.858746,18.274176,32.107502,-0.7071319685,0.2990440557,operational_threshold_day,False,1.877298739
operational_threshold_day=False,day_night_range,6097,0,8.29558306,2.953196196,7.950001,6.120001,10.189999,4.069998,0.58,18.669999,0.4479472153,-0.1832591698,operational_threshold_day,False,1.112320967
operational_threshold_day=False,precipitation,6097,0,7.639986877,13.29923051,2,0,10,10,0,261.09998,4.21675359,36.68846728,operational_threshold_day,False,-0.6675256069
operational_threshold_day=False,rh_mean,6097,0,77.99114437,9.460478009,80.17823,73.21928,84.610115,11.390835,42.204617,97.47027,-0.9595824691,0.6566440202,operational_threshold_day,False,-1.286206469
operational_threshold_day=False,wind_speed_mean,6097,0,5.368100983,3.772620393,4.5536795,2.5455842,7.2805495,4.7349653,0,36.932915,1.170656278,1.917339945,operational_threshold_day,False,0.4543222674
operational_threshold_day=False,cloud_cover,6097,0,35.86201357,23.84483122,32.437496,17.641666,51.37917,33.737504,0,99.833336,0.5490725907,-0.3911691888,operational_threshold_day,False,-0.9354785278
operational_threshold_day=False,sunshine_duration,6097,0,475.8362881,176.9755464,502.3835,362.46466,613.3485,250.88384,0,807.26666,-0.5744724663,-0.3427273702,operational_threshold_day,False,1.02516198
operational_threshold_day=False,shortwave_radiation,6097,0,5108.38642,1432.155774,5410,4235,6233,1998,323,7889,-0.7671100397,-0.0660188926,operational_threshold_day,False,1.462196724
operational_threshold_day=False,longwave_radiation,6097,0,10010.2908,721.3742216,10263,9633,10563,930,7313,11220,-1.175732592,0.7152071451,operational_threshold_day,False,0.01370222525
operational_threshold_day=False,uv_radiation,6097,0,606.2585862,152.7409144,642.79004,520.5499,718.25995,197.71005,46.460003,892.95,-0.894858611,0.2919485131,operational_threshold_day,False,1.482352472
operational_threshold_day=False,pressure_mean,6097,0,1005.583501,4.390675441,1005.7126,1002.5041,1008.9001,6.396,987.86237,1017.0625,-0.1743815304,-0.3351238286,operational_threshold_day,False,-0.1801703223
operational_threshold_day=False,evapotranspiration,6097,0,3.795005094,0.9289044137,3.78288,3.1291203,4.5072,1.3780797,1.04688,6.73776,-0.07059376723,-0.5729688735,operational_threshold_day,False,0.1463071298
operational_threshold_day=False,soil_temperature_mean,6097,0,28.45321044,2.095244845,28.707083,27.280832,29.955835,2.675003,19.832085,34.58542,-0.664527803,0.2960238274,operational_threshold_day,False,2.073458144
operational_threshold_day=False,soil_moisture_mean,6097,0,0.3143374352,0.1017827131,0.35245836,0.2097917,0.40549996,0.19570826,0.12858331,0.43791673,-0.5113648754,-1.309745695,operational_threshold_day,False,-1.575781488
operational_threshold_day=True,tmax,369,0,36.98980155,0.8706015406,36.720425,36.330425,37.470425,1.14,36.000423,40.200424,1.275996328,1.429324666,operational_threshold_day,True,2.892928092
operational_threshold_day=True,tmin,369,0,25.96714576,1.759029254,26.130424,25.060425,27.310425,2.25,20.080425,29.290424,-0.7042583434,0.246638603,operational_threshold_day,True,0.912350818
operational_threshold_day=True,tmean,369,0,30.82145162,1.065836285,30.842505,30.135427,31.54334,1.407913,27.340424,34.042923,0.05182017503,0.4158047116,operational_threshold_day,True,1.877298739
operational_threshold_day=True,day_night_range,369,0,11.02265579,1.816661109,10.799997,9.709999,12.260002,2.550003,7.119999,16.360001,0.4216197695,-0.2278718135,operational_threshold_day,True,1.112320967
operational_threshold_day=True,precipitation,369,0,1.102710033,3.866240912,0,0,0.4,0.4,0,47.4,6.997900284,65.54759619,operational_threshold_day,True,-0.6675256069
operational_threshold_day=True,rh_mean,369,0,67.25230805,7.06531732,68.45954,63.035267,72.12199,9.086723,45.884144,82.835594,-0.6892324998,0.09855688757,operational_threshold_day,True,-1.286206469
operational_threshold_day=True,wind_speed_mean,369,0,7.061215762,3.680170945,6.5693827,4.452954,9.605998,5.153044,0.35999998,20.008356,0.4880008491,-0.1525826245,operational_threshold_day,True,0.4543222674
operational_threshold_day=True,cloud_cover,369,0,18.11988487,12.28127026,17.375,8.5,24.458334,15.958334,0,60.75,0.8416979101,0.8151023975,operational_threshold_day,True,-0.9354785278
operational_threshold_day=True,sunshine_duration,369,0,623.4098091,100.6164879,629.7505,574.768,699.44543,124.67743,212.88184,811.8015,-0.9588693735,1.483375135,operational_threshold_day,True,1.02516198
operational_threshold_day=True,shortwave_radiation,369,0,6689.878049,537.2027123,6764,6449,7053,604,4090,7991,-1.174821406,3.009322631,operational_threshold_day,True,1.462196724
operational_threshold_day=True,longwave_radiation,369,0,10018.66396,475.8751273,10087,9715,10393,678,8743,10958,-0.4498115377,-0.5289298635,operational_threshold_day,True,0.01370222525
operational_threshold_day=True,uv_radiation,369,0,776.6768798,55.71359196,786.0101,750.09,811.82,61.73,459.76,900.11,-1.421670703,4.849255829,operational_threshold_day,True,1.482352472
operational_threshold_day=True,pressure_mean,369,0,1004.934143,2.58871871,1004.9958,1003.2083,1006.6833,3.475,997.69574,1012.70825,-0.0434679485,-0.1823393812,operational_threshold_day,True,-0.1801703223
operational_threshold_day=True,evapotranspiration,369,0,3.927160961,0.8769009707,3.8016005,3.2702398,4.6828794,1.4126396,1.8892803,6.2164803,0.2584818503,-0.635153507,operational_threshold_day,True,0.1463071298
operational_threshold_day=True,soil_temperature_mean,369,0,32.01043721,1.223324293,31.971666,31.378334,32.67791,1.299576,28.54083,36.623333,0.2327202787,1.311954917,operational_threshold_day,True,2.073458144
operational_threshold_day=True,soil_moisture_mean,369,0,0.1877023474,0.05056497902,0.16600002,0.15387501,0.20716666,0.05329165,0.13249998,0.40970835,1.60410982,2.298121644,operational_threshold_day,True,-1.575781488
persistent_heatwave_day=False,tmax,6196,0,32.06101079,2.332867384,32.260426,30.577925,33.800426,3.222501,21.460424,37.820423,-0.5558412228,0.3356227513,persistent_heatwave_day,False,2.903306316
persistent_heatwave_day=False,tmin,6196,0,23.72287168,3.045556056,24.420425,21.930426,26.040424,4.109998,12.060426,29.500425,-0.9043726567,0.3905246858,persistent_heatwave_day,False,0.9941899856
persistent_heatwave_day=False,tmean,6196,0,27.60321686,2.226496317,27.928135,26.329488,29.21511225,2.88562425,18.274176,32.56876,-0.7025212329,0.2916529545,persistent_heatwave_day,False,1.967449627
persistent_heatwave_day=False,day_night_range,6196,0,8.338139104,2.959901364,8.0099995,6.1500015,10.25,4.0999985,0.58,18.669999,0.4291547638,-0.2144917921,persistent_heatwave_day,False,1.11860676
persistent_heatwave_day=False,precipitation,6196,0,7.536652677,13.23265047,1.9000001,0,9.799999,9.799999,0,261.09998,4.237526053,36.99229857,persistent_heatwave_day,False,-0.6693177487
persistent_heatwave_day=False,rh_mean,6196,0,77.83237881,9.517389275,80.038035,72.861795,84.5241245,11.6623295,42.204617,97.47027,-0.9341565193,0.5791296996,persistent_heatwave_day,False,-1.316323727
persistent_heatwave_day=False,wind_speed_mean,6196,0,5.393698584,3.776159557,4.6102495,2.5455842,7.289445,4.7438608,0,36.932915,1.156075081,1.853835042,persistent_heatwave_day,False,0.4557317341
persistent_heatwave_day=False,cloud_cover,6196,0,35.59180467,23.80147899,32.0770835,17.4354175,50.9635445,33.528127,0,99.833336,0.562891723,-0.3712688727,persistent_heatwave_day,False,-0.9405787706
persistent_heatwave_day=False,sunshine_duration,6196,0,478.132652,176.9232361,504.93283,364.8588325,614.9460225,250.08719,0,807.26666,-0.5859846704,-0.3272109911,persistent_heatwave_day,False,1.018046981
persistent_heatwave_day=False,shortwave_radiation,6196,0,5132.140413,1434.208121,5437,4254,6261,2007,323,7889,-0.7782202584,-0.05055215544,persistent_heatwave_day,False,1.466860483
persistent_heatwave_day=False,longwave_radiation,6196,0,10009.36895,718.4158571,10257,9633,10560,927,7313,11220,-1.17227473,0.7210958263,persistent_heatwave_day,False,0.05542533489
persistent_heatwave_day=False,uv_radiation,6196,0,608.8048869,152.9566275,645.89997,523.095,720.6624875,197.5674875,46.460003,892.95,-0.9039089864,0.3082574282,persistent_heatwave_day,False,1.48873892
persistent_heatwave_day=False,pressure_mean,6196,0,1005.584563,4.367556499,1005.71246,1002.53754,1008.87506,6.33752,987.86237,1017.0625,-0.1760933353,-0.3167467725,persistent_heatwave_day,False,-0.255382131
persistent_heatwave_day=False,evapotranspiration,6196,0,3.798754624,0.9291857957,3.78431995,3.1320002,4.5115201,1.3795199,1.04688,6.73776,-0.06728525373,-0.5760396318,persistent_heatwave_day,False,0.1015257889
persistent_heatwave_day=False,soil_temperature_mean,6196,0,28.49988627,2.114143465,28.751669,27.309792,30.016356,2.706564,19.832085,34.58542,-0.6472235443,0.2779380363,persistent_heatwave_day,False,2.169384661
persistent_heatwave_day=False,soil_moisture_mean,6196,0,0.312508367,0.102316145,0.34985408,0.2064062425,0.40512502,0.1987187775,0.12858331,0.43791673,-0.4803456635,-1.348168728,persistent_heatwave_day,False,-1.647144083
persistent_heatwave_day=True,tmax,270,0,37.19975826,0.9073447186,37.035425,36.49542525,37.67792425,1.182499,36.000423,40.200424,1.008826928,0.7123667469,persistent_heatwave_day,True,2.903306316
persistent_heatwave_day=True,tmin,270,0,26.1537582,1.637541872,26.2904245,25.25292525,27.370424,2.11749875,21.050425,29.290424,-0.725414512,0.3610733262,persistent_heatwave_day,True,0.9941899856
persistent_heatwave_day=True,tmean,270,0,31.01442212,1.027124082,31.0245905,30.264593,31.71011325,1.44552025,28.450422,34.042923,0.2209174512,0.1905545874,persistent_heatwave_day,True,1.967449627
persistent_heatwave_day=True,day_night_range,270,0,11.04600006,1.7201715,10.85,9.7800015,12.1549995,2.374998,7.790001,16.35,0.4546481586,-0.1857566797,persistent_heatwave_day,True,1.11860676
persistent_heatwave_day=True,precipitation,270,0,1.077037044,3.343994036,0,0,0.375,0.375,0,27.9,4.687785831,25.36547213,persistent_heatwave_day,True,-0.6693177487
persistent_heatwave_day=True,rh_mean,270,0,66.9581102,6.77572972,68.304742,63.18909,71.903099,8.714009,45.884144,82.835594,-0.7589625638,0.2769672928,persistent_heatwave_day,True,-1.316323727
persistent_heatwave_day=True,wind_speed_mean,270,0,7.094606979,3.687833791,6.87778975,4.39436,9.64636,5.252,0.35999998,20.008356,0.4801385986,-0.03613714706,persistent_heatwave_day,True,0.4557317341
persistent_heatwave_day=True,cloud_cover,270,0,17.81523153,12.16060076,17.204167,8.56562525,24.15416625,15.588541,0,60.75,1.043842681,1.56445271,persistent_heatwave_day,True,-0.9405787706
persistent_heatwave_day=True,sunshine_duration,270,0,624.8228002,101.1033533,634.634725,577.405395,697.4036375,119.9982425,212.88184,811.8015,-1.04185051,1.897611074,persistent_heatwave_day,True,1.018046981
persistent_heatwave_day=True,shortwave_radiation,270,0,6724.648148,548.0423747,6800,6456.25,7087.5,631.25,4090,7991,-1.296364482,3.857458433,persistent_heatwave_day,True,1.466860483
persistent_heatwave_day=True,longwave_radiation,270,0,10042.88889,464.0990579,10120,9717.75,10410.5,692.75,8817,10958,-0.3828186282,-0.6539954104,persistent_heatwave_day,True,0.05542533489
persistent_heatwave_day=True,uv_radiation,270,0,780.7307019,57.24917859,789.02505,754.1950375,814.31995,60.1249125,459.76,900.11,-1.643377845,6.030391407,persistent_heatwave_day,True,1.48873892
persistent_heatwave_day=True,pressure_mean,270,0,1004.671675,2.545559998,1004.756195,1002.934445,1006.436463,3.5020175,997.69574,1012.70825,0.07339365852,0.1019137064,persistent_heatwave_day,True,-0.255382131
persistent_heatwave_day=True,evapotranspiration,270,0,3.889573329,0.858493568,3.7526403,3.270239925,4.53779955,1.267559625,1.8892803,6.2164803,0.2940515353,-0.4315747927,persistent_heatwave_day,True,0.1015257889
persistent_heatwave_day=True,soil_temperature_mean,270,0,32.24362981,1.219259742,32.177293,31.55604225,32.8865605,1.33051825,28.557089,36.623333,0.2891856936,1.400235568,persistent_heatwave_day,True,2.169384661
persistent_heatwave_day=True,soil_moisture_mean,270,0,0.183243209,0.04300128905,0.165520835,0.15399998,0.2025833525,0.0485833725,0.13429163,0.32779172,1.380428689,1.031848115,persistent_heatwave_day,True,-1.647144083
