full_citation,study_location,study_period,data_resolution,heatwave_definition,outcome,statistical_method,count_regression_used,definition_sensitivity_tested,antecedent_conditions_modeled,temporal_validation_used,principal_result,overlap_with_current_study,difference_from_current_study,verification_status
"Nissan H, Burkart K, Coughlan de Perez E, Van Aalst M, Mason S. Defining and Predicting Heat Waves in Bangladesh. Journal of Applied Meteorology and Climatology. 2017;56(10):2653–2670. https://doi.org/10.1175/JAMC-D-17-0035.1",Bangladesh,Historical observations and mortality series documented in article,Daily meteorology and mortality,"Concurrent daily minimum and maximum temperatures above the 95th percentile for at least 3 days",Mortality-linked heatwave definition and predictability,Generalized additive regression and circulation/forecast analysis,No,Definition development rather than systematic six-definition sensitivity,"Soil moisture precipitation and circulation antecedents considered",Weather-to-seasonal predictability evaluated but not the current blocked daily classification design,"Compound day/night heat was mortality-relevant; dry soil and low precipitation preceded events",Bangladesh definition and antecedent meteorology,"Current study uses a 53-season Dhaka series direct NB2 count regression six definitions GEE and pooled blocked validation; it does not analyze mortality",Verified from NOAA repository and DOI
"Khatun K, Samad MA, Rashid MB. Time Series Analysis of Temperature and Rainfall Data of Dhaka Division. Dhaka University Journal of Science. 2017;65(2):119–123. https://doi.org/10.3329/dujs.v65i2.54519",Dhaka Division four stations,1981–2015,Annual summaries,No event definition,Maximum minimum and mean temperature and rainfall trends,Sen slope and Mann–Kendall,No,No,No,No,"Annual maximum minimum and mean temperature increased over the study period",Temperature trends in Dhaka region,"Current study uses daily data HAC OLS formal slope contrast complete-year rules event definitions and count inference",Verified from journal page and DOI
"Rashid GM, Hossain MMT, Akhter MAE, Mallik MAK. A Study on the Heat Wave Conditions over Bangladesh During 1990–2019. Journal of Engineering Science. 2024;14(2):59–67. https://doi.org/10.3329/jes.v14i2.71227",Bangladesh 34 stations,1990–2019,Daily station data,"Tmax above 36 °C over a large area for at least 3 days; severity categories",Pre-monsoon heatwave-day and event frequencies,Mann–Kendall and descriptive spatial summaries,No,No,No,No,"Heatwave trends varied by station; significant positive trends occurred at selected stations",Absolute persistent threshold and Bangladesh climatology,"Current study is Dhaka-specific extends through 2024 compares absolute percentile and compound definitions and directly models overdispersed counts",Verified from journal page and DOI
"Mallik MAK, Sultana A, Islam MK, Akter MY, Alam E, Islam ARMT. Are hotspots and frequencies of heat waves changing over time? Exploring causes of heat waves in a tropical country. PLOS ONE. 2024;19:e0300070. https://doi.org/10.1371/journal.pone.0300070",Bangladesh 32 stations,1991–2021,Daily station data,"Tmax at least 36 °C with mild moderate and severe categories",Seasonal and annual frequency of threshold days,Linear trend Mann–Kendall Sen slope and atmospheric composites,No,Severity categories but not percentile/persistence reference sensitivity,"Atmospheric pressure wind humidity and circulation examined descriptively",No,"Dhaka pre-monsoon threshold-day trend was positive but statistically uncertain; spatial patterns differed",Dhaka threshold counts and meteorological context,"Current study distinguishes one-day exceedances from persistent events uses NB2 and adjusts lagged predictors with blocked validation",Verified from PLOS/PMC record and DOI
"Islam MY, Mohiuddin M, Tanvir Hossain K, Salauddin M, Farin S. Trend of heat waves in Dhaka Metropolitan City and its impact on livelihood and health of exposed people. Arabian Journal of Geosciences. 2024;17:232. https://doi.org/10.1007/s12517-024-12027-x",Dhaka Metropolitan City,1972–2020,Station meteorology Landsat imagery and survey data,"Heat-index classifications and heatwave days described in article",Heatwave/LST trend land cover and perceived livelihood/health impacts,Mixed quantitative GIS and qualitative survey analysis,No,No,No,No,"April–June concentrated heatwave occurrence and increasing built-up/LST patterns were reported",Long Dhaka period and seasonal timing,"Current study does not measure livelihoods or attribute urban effects; it tests direct persistent counts alternative definitions uncertainty and validation",Verified from Springer publisher page and DOI
"Tabassum A, Park K, Seo JM, Han JY, Hong SH, Baik JJ. Characteristics of the Urban Heat Island in Dhaka Bangladesh and Its Interaction with Heat Waves. Asia-Pacific Journal of Atmospheric Sciences. 2024;60:479–493. https://doi.org/10.1007/s13143-024-00362-8",Dhaka urban and Madaripur rural stations,1995–2019,3-hourly and daily observations plus reanalysis,"Seasonal 90th-percentile daily maximum temperature for at least 2 days",Urban-rural temperature contrast heatwave frequency and circulation,Trend analysis and multiple linear regression,No,One percentile definition across seasons,"Previous-day UHI intensity wind RH and cloud fraction modeled",No,"Dhaka UHI and heatwaves interacted; monsoon heatwave frequency increased and RH was important",Dhaka percentile heatwaves and meteorological associations,"Current study lacks a rural comparator and makes no UHI claim; it has a longer daily series six definitions NB2 GEE and chronological validation",Verified from Springer publisher page and DOI
"Molla MAM, Hassan QK, Dewan A. Unveiling heatwave events in Bangladesh: Insights from observational records and ERA5 reanalysis data. Climate Services. 2025;40:100609. https://doi.org/10.1016/j.cliser.2025.100609",Bangladesh multi-station and ERA5 comparison,Approximately three decades as documented in article,Daily observations and reanalysis,"Ambient and apparent temperature; 90th-percentile daily temperature emphasized; at least 3 days",Frequency duration intensity onset and observational/reanalysis agreement,Descriptive climatology and dataset comparison,No,Several ambient/apparent metrics,Humidity interpreted for nocturnal events,No,"The 90th percentile was recommended for Bangladesh characterization and humidity mattered more for nocturnal events",Bangladesh percentile definitions duration and intensity,"Current study tests definition-dependent inferential trends direct counts leakage-safe antecedents and validation at Dhaka",Verified from publisher/DOAJ metadata and DOI; author should recheck volume metadata
"Chaki S, Samad MA, Mallik MAK, Hassan SMQ. Forecasting human heat stress: Insights from observations and WRF simulations during Bangladesh heatwaves. PLOS Climate. 2025;4(8):e0000690. https://doi.org/10.1371/journal.pclm.0000690",Eight divisional stations including Dhaka,1995–2024 climatology plus seven selected events,3-hourly observations and WRF simulations,Selected heatwave episodes characterized using Tmax and thermal-stress metrics,Physiologically equivalent temperature and short-lead forecast performance,WRF simulations and observed-versus-simulated validation,No,No,"Temperature RH and wind evaluated during events",Event/lead-time validation rather than rolling climatological origins,"WRF showed useful thermal-stress simulation for selected events and lead times",Bangladesh heatwave prediction and validation,"Current study compares statistical monthly baselines across ten rolling origins and rejects long-horizon event-count precision",Verified from PLOS publisher page and DOI
"Farukh MA, Brahma PP, Hossain MS, Hoque MJ, Sejuti SI, Shammy US, Arefin KS. Climatological assessment of pre-monsoon heatwave days in Bangladesh and their relationship to Indo-Pacific circulation anomalies. Natural Hazards. 2026;122(1):1–32. https://doi.org/10.1007/s11069-025-07746-7",Bangladesh,1994–2024,Station/national pre-monsoon heatwave-day summaries and circulation fields,Operational heatwave days as defined in article,Spatial/temporal heatwave-day climatology and circulation anomalies,Trend/climatological and circulation analysis,No,No,Circulation and land-atmosphere context,No,"National heatwave days increased sharply and recent extreme years affected many divisions",Pre-monsoon Bangladesh climatology through 2024,"Current study focuses on one Dhaka series and shows the persistent-definition trend is uncertain despite warming; it adds NB2 definition sensitivity and GEE validation",Verified from publisher-linked bibliographic metadata and DOI
