origin_year,date,model,observed,predicted,lower_80,upper_80,lower_95,upper_95
2014,2014-03-01,seasonal_naive,31.27719926,33.09913445,31.38985579,34.80841312,30.48501832,35.71325058
2014,2014-04-01,seasonal_naive,35.09575847,33.4264248,31.71714614,35.13570346,30.81230867,36.04054093
2014,2014-05-01,seasonal_naive,34.08494103,30.85752129,29.14824263,32.56679995,28.24340516,33.47163742
2014,2014-06-01,seasonal_naive,32.3037581,33.00742473,31.29814607,34.7167034,30.3933086,35.62154086
2014,2014-03-01,monthly_climatology,31.27719926,31.82481054,30.62902186,33.02059921,29.99600958,33.6536115
2014,2014-04-01,monthly_climatology,35.09575847,32.87875028,31.68296161,34.07453896,31.04994932,34.70755124
2014,2014-05-01,monthly_climatology,34.08494103,32.36697637,31.1711877,33.56276505,30.53817541,34.19577733
2014,2014-06-01,monthly_climatology,32.3037581,31.60732177,30.41153309,32.80311044,29.77852081,33.43612273
2014,2014-03-01,climatology_linear_trend,31.27719926,32.14640126,30.95920938,33.33359314,30.33074796,33.96205455
2014,2014-04-01,climatology_linear_trend,35.09575847,33.20036404,32.01317216,34.38755592,31.38471075,35.01601734
2014,2014-05-01,climatology_linear_trend,34.08494103,32.68857221,31.50138033,33.87576409,30.87291892,34.50422551
2014,2014-06-01,climatology_linear_trend,32.3037581,31.92894065,30.74174877,33.11613253,30.11328735,33.74459394
2014,2014-03-01,sarimax,31.27719926,32.43709357,30.11168696,34.76250018,28.88069105,35.99349608
2014,2014-04-01,sarimax,35.09575847,32.691164,30.36575739,35.01657061,29.13476148,36.24756651
2014,2014-05-01,sarimax,34.08494103,30.54324682,28.21784021,32.86865344,26.98684431,34.09964934
2014,2014-06-01,sarimax,32.3037581,32.32879548,30.00338887,34.65420209,28.77239297,35.88519799
2014,2014-03-01,ets,31.27719926,32.22514487,31.05041418,33.39987556,30.42854931,34.02174043
2014,2014-04-01,ets,35.09575847,33.27588727,32.10115658,34.45061797,31.47929171,35.07248283
2014,2014-05-01,ets,34.08494103,32.76440894,31.58967824,33.93913963,30.96781338,34.5610045
2014,2014-06-01,ets,32.3037581,32.00431673,30.82958603,33.17904742,30.20772117,33.80091229
2015,2015-03-01,seasonal_naive,31.72074745,31.27719926,29.56608255,32.98831596,28.66027208,33.89412643
2015,2015-04-01,seasonal_naive,31.579425,35.09575847,33.38464176,36.80687517,32.47883129,37.71268564
2015,2015-05-01,seasonal_naive,33.0542959,34.08494103,32.37382433,35.79605774,31.46801386,36.70186821
2015,2015-06-01,seasonal_naive,31.80942463,32.3037581,30.59264139,34.01487481,29.68683092,34.92068528
2015,2015-03-01,monthly_climatology,31.72074745,31.81207539,30.61217267,33.01197812,29.97698253,33.64716825
2015,2015-04-01,monthly_climatology,31.579425,32.93030861,31.73040589,34.13021134,31.09521575,34.76540147
2015,2015-05-01,monthly_climatology,33.0542959,32.40692904,31.20702631,33.60683176,30.57183618,34.2420219
2015,2015-06-01,monthly_climatology,31.80942463,31.62351796,30.42361524,32.82342069,29.7884251,33.45861082
2015,2015-03-01,climatology_linear_trend,31.72074745,32.15302075,30.96483785,33.34120365,30.33585182,33.97018969
2015,2015-04-01,climatology_linear_trend,31.579425,33.27127785,32.08309495,34.45946075,31.45410891,35.08844678
2015,2015-05-01,climatology_linear_trend,33.0542959,32.7478797,31.5596968,33.9360626,30.93071077,34.56504864
2015,2015-06-01,climatology_linear_trend,31.80942463,31.9644925,30.7763096,33.1526754,30.14732357,33.78166143
2015,2015-03-01,sarimax,31.72074745,30.74633098,28.35796882,33.13469313,27.09364627,34.39901569
2015,2015-04-01,sarimax,31.579425,34.04722461,31.65886246,36.43558677,30.39453991,37.69990932
2015,2015-05-01,sarimax,33.0542959,33.16799137,30.77962921,35.55635352,29.51530666,36.82067608
2015,2015-06-01,sarimax,31.80942463,31.62194194,29.23357978,34.01030409,27.96925723,35.27462665
2015,2015-03-01,ets,31.72074745,32.23032213,31.05445932,33.40618493,30.43199515,34.0286491
2015,2015-04-01,ets,31.579425,33.34884011,32.17297731,34.52470292,31.55051314,35.14716709
2015,2015-05-01,ets,33.0542959,32.82512754,31.64926473,34.00099034,31.02680056,34.62345451
2015,2015-06-01,ets,31.80942463,32.0420282,30.8661654,33.21789101,30.24370123,33.84035518
2016,2016-03-01,seasonal_naive,32.258167,31.72074745,30.01292487,33.42857003,29.10885821,34.33263669
2016,2016-04-01,seasonal_naive,34.4080916,31.579425,29.87160242,33.28724758,28.96753576,34.19131424
2016,2016-05-01,seasonal_naive,32.43719913,33.0542959,31.34647333,34.76211848,30.44240666,35.66618514
2016,2016-06-01,seasonal_naive,32.7304251,31.80942463,30.10160206,33.51724721,29.19753539,34.42131387
2016,2016-03-01,monthly_climatology,32.258167,31.80999976,30.61609676,33.00390276,29.98408268,33.63591683
2016,2016-04-01,monthly_climatology,34.4080916,32.89960671,31.70570371,34.09350971,31.07368964,34.72552379
2016,2016-05-01,monthly_climatology,32.43719913,32.42164192,31.22773892,33.61554492,30.59572485,34.247559
2016,2016-06-01,monthly_climatology,32.7304251,31.62774311,30.43384011,32.82164612,29.80182604,33.45366019
2016,2016-03-01,climatology_linear_trend,32.258167,32.14912607,30.9672076,33.33104454,30.34153776,33.95671438
2016,2016-04-01,climatology_linear_trend,34.4080916,33.23875624,32.05683777,34.42067471,31.43116793,35.04634455
2016,2016-05-01,climatology_linear_trend,32.43719913,32.76077339,31.57885493,33.94269186,30.95318508,34.5683617
2016,2016-06-01,climatology_linear_trend,32.7304251,31.9668978,30.78497933,33.14881627,30.15930949,33.77448611
2016,2016-03-01,sarimax,32.258167,31.42473946,29.0764174,33.77306151,27.83329079,35.01618812
2016,2016-04-01,sarimax,34.4080916,31.29606096,28.9477389,33.64438301,27.70461229,34.88750962
2016,2016-05-01,sarimax,32.43719913,32.60233879,30.25401673,34.95066084,29.01089012,36.19378745
2016,2016-06-01,sarimax,32.7304251,31.49384527,29.14552321,33.84216733,27.90239661,35.08529393
2016,2016-03-01,ets,32.258167,32.14798474,30.9795945,33.31637497,30.36108607,33.9348834
2016,2016-04-01,ets,34.4080916,33.23851686,32.07012662,34.40690709,31.45161819,35.02541552
2016,2016-05-01,ets,32.43719913,32.76623047,31.59784023,33.9346207,30.9793318,34.55312913
2016,2016-06-01,ets,32.7304251,31.97036199,30.80197175,33.13875222,30.18346332,33.75726065
2017,2017-03-01,seasonal_naive,29.80913455,32.258167,30.55548612,33.96084788,29.6541413,34.8621927
2017,2017-04-01,seasonal_naive,31.97975797,34.4080916,32.70541072,36.11077248,31.8040659,37.0121173
2017,2017-05-01,seasonal_naive,32.93461877,32.43719913,30.73451825,34.13988001,29.83317343,35.04122483
2017,2017-06-01,seasonal_naive,32.1644248,32.7304251,31.02774422,34.43310598,30.1263994,35.3344508
2017,2017-03-01,monthly_climatology,29.80913455,31.81995903,30.62390027,33.01601779,29.99074501,33.64917305
2017,2017-04-01,monthly_climatology,31.97975797,32.9331286,31.73706984,34.12918736,31.10391458,34.76234262
2017,2017-05-01,monthly_climatology,32.93461877,32.42198764,31.22592888,33.6180464,30.59277361,34.25120166
2017,2017-06-01,monthly_climatology,32.1644248,31.65224716,30.4561884,32.84830592,29.82303314,33.48146118
2017,2017-03-01,climatology_linear_trend,29.80913455,32.19785232,31.02036239,33.37534224,30.39703688,33.99866776
2017,2017-04-01,climatology_linear_trend,31.97975797,33.3110472,32.13355727,34.48853712,31.51023176,35.11186263
2017,2017-05-01,climatology_linear_trend,32.93461877,32.79988655,31.62239662,33.97737647,30.99907111,34.60070199
2017,2017-06-01,climatology_linear_trend,32.1644248,32.03017138,30.85268145,33.2076613,30.22935594,33.83098682
2017,2017-03-01,sarimax,29.80913455,31.88346835,29.60078617,34.16615053,28.39240722,35.37452949
2017,2017-04-01,sarimax,31.97975797,33.60669447,31.32401229,35.88937665,30.11563334,37.0977556
2017,2017-05-01,sarimax,32.93461877,31.97770121,29.69501903,34.26038338,28.48664007,35.46876234
2017,2017-06-01,sarimax,32.1644248,32.21140549,29.92872332,34.49408767,28.72034436,35.70246663
2017,2017-03-01,ets,29.80913455,32.28893723,31.12345649,33.45441796,30.50648826,34.07138619
2017,2017-04-01,ets,31.97975797,33.4020999,32.23661917,34.56758063,31.61965093,35.18454886
2017,2017-05-01,ets,32.93461877,32.89091389,31.72543316,34.05639462,31.10846492,34.67336285
2017,2017-06-01,ets,32.1644248,32.12116778,30.95568705,33.28664852,30.33871882,33.90361675
2018,2018-03-01,seasonal_naive,32.35494074,29.80913455,28.10952113,31.50874796,27.20980014,32.40846896
2018,2018-04-01,seasonal_naive,31.49475843,31.97975797,30.28014455,33.67937138,29.38042356,34.57909238
2018,2018-05-01,seasonal_naive,31.19203787,32.93461877,31.23500536,34.63423219,30.33528436,35.53395319
2018,2018-06-01,seasonal_naive,32.69709117,32.1644248,30.46481138,33.86403822,29.56509039,34.76375921
2018,2018-03-01,monthly_climatology,32.35494074,31.77624545,30.57846135,32.97402956,29.94439274,33.60809817
2018,2018-04-01,monthly_climatology,31.49475843,32.91240315,31.71461904,34.11018726,31.08055044,34.74425586
2018,2018-05-01,monthly_climatology,31.19203787,32.43313179,31.23534769,33.6309159,30.60127908,34.26498451
2018,2018-06-01,monthly_climatology,32.69709117,31.66338146,30.46559735,32.86116556,29.83152874,33.49523417
2018,2018-03-01,climatology_linear_trend,32.35494074,32.16238859,30.98486476,33.33991241,30.3615213,33.96325587
2018,2018-04-01,climatology_linear_trend,31.49475843,33.29857159,32.12104777,34.47609542,31.49770431,35.09943888
2018,2018-05-01,climatology_linear_trend,31.19203787,32.81928055,31.64175672,33.99680438,31.01841326,34.62014784
2018,2018-06-01,climatology_linear_trend,32.69709117,32.04955552,30.8720317,33.22707935,30.24868824,33.85042281
2018,2018-03-01,sarimax,32.35494074,29.4724207,27.15606226,31.78877914,25.92985617,33.01498523
2018,2018-04-01,sarimax,31.49475843,31.39171089,29.07535245,33.70806933,27.84914637,34.93427542
2018,2018-05-01,sarimax,31.19203787,32.23337478,29.91701634,34.54973322,28.69081026,35.77593931
2018,2018-06-01,sarimax,32.69709117,31.54599009,29.22963165,33.86234853,28.00342556,35.08855461
2018,2018-03-01,ets,32.35494074,32.16195823,30.99732692,33.32658954,30.38080834,33.94310812
2018,2018-04-01,ets,31.49475843,33.29955065,32.13491933,34.46418196,31.51840076,35.08070054
2018,2018-05-01,ets,31.19203787,32.82068587,31.65605455,33.98531718,31.03953598,34.60183576
2018,2018-06-01,ets,32.69709117,32.05071377,30.88608246,33.21534508,30.26956388,33.83186366
2019,2019-03-01,seasonal_naive,31.62977961,32.35494074,30.65595918,34.05392231,29.75657267,34.95330882
2019,2019-04-01,seasonal_naive,32.47775877,31.49475843,29.79577687,33.19374,28.89639036,34.09312651
2019,2019-05-01,seasonal_naive,34.21623103,31.19203787,29.49305631,32.89101943,28.5936698,33.79040595
2019,2019-06-01,seasonal_naive,32.97975843,32.69709117,30.9981096,34.39607273,30.09872309,35.29545924
2019,2019-03-01,monthly_climatology,31.62977961,31.78855812,30.58593573,32.99118051,29.94930589,33.62781035
2019,2019-04-01,monthly_climatology,32.47775877,32.8822405,31.67961811,34.08486289,31.04298827,34.72149273
2019,2019-05-01,monthly_climatology,34.21623103,32.40672554,31.20410315,33.60934793,30.56747331,34.24597777
2019,2019-06-01,monthly_climatology,32.97975843,31.68537528,30.48275289,32.88799767,29.84612305,33.52462751
2019,2019-03-01,climatology_linear_trend,31.62977961,32.17376913,30.99136175,33.35617652,30.36543309,33.98210518
2019,2019-04-01,climatology_linear_trend,32.47775877,33.26747623,32.08506885,34.44988362,31.45914019,35.07581228
2019,2019-05-01,climatology_linear_trend,34.21623103,32.79194205,31.60953466,33.97434943,30.983606,34.60027809
2019,2019-06-01,climatology_linear_trend,32.97975843,32.07061651,30.88820912,33.25302389,30.26228047,33.87895255
2019,2019-03-01,sarimax,31.62977961,32.02851884,29.71817777,34.33885991,28.49515709,35.5618806
2019,2019-04-01,sarimax,32.47775877,31.2592128,28.94887173,33.56955387,27.72585104,34.79257455
2019,2019-05-01,sarimax,34.21623103,30.98642055,28.67607948,33.29676162,27.45305879,34.5197823
2019,2019-06-01,sarimax,32.97975843,32.3237686,30.01342753,34.63410967,28.79040684,35.85713035
2019,2019-03-01,ets,31.62977961,32.17324441,31.0035055,33.34298333,30.38428312,33.96220571
2019,2019-04-01,ets,32.47775877,33.26582147,32.09608255,34.43556038,31.47686017,35.05478276
2019,2019-05-01,ets,34.21623103,32.79202266,31.62228374,33.96176158,31.00306137,34.58098395
2019,2019-06-01,ets,32.97975843,32.07028746,30.90054854,33.24002637,30.28132616,33.85924875
2020,2020-03-01,seasonal_naive,30.73526339,31.62977961,29.92948698,33.33007225,29.02940643,34.2301528
2020,2020-04-01,seasonal_naive,31.9764249,32.47775877,30.77746613,34.1780514,29.87738558,35.07813195
2020,2020-05-01,seasonal_naive,32.21074735,34.21623103,32.5159384,35.91652367,31.61585785,36.81660422
2020,2020-06-01,seasonal_naive,32.17709173,32.97975843,31.2794658,34.68005107,30.37938525,35.58013162
2020,2020-03-01,monthly_climatology,30.73526339,31.78525023,30.57875933,32.99174114,29.94008162,33.63041885
2020,2020-04-01,monthly_climatology,31.9764249,32.8738138,31.66732289,34.0803047,31.02864518,34.71898241
2020,2020-05-01,monthly_climatology,32.21074735,32.44442357,31.23793266,33.65091448,30.59925495,34.28959219
2020,2020-06-01,monthly_climatology,32.17709173,31.71234159,30.50585069,32.9188325,29.86717298,33.55751021
2020,2020-03-01,climatology_linear_trend,30.73526339,32.19336983,31.01135609,33.37538357,30.38563581,34.00110385
2020,2020-04-01,climatology_linear_trend,31.9764249,33.28195905,32.09994531,34.46397279,31.47422503,35.08969306
2020,2020-05-01,climatology_linear_trend,32.21074735,32.85254887,31.67053513,34.03456261,31.04481485,34.66028289
2020,2020-06-01,climatology_linear_trend,32.17709173,32.12049255,30.93847881,33.30250629,30.31275853,33.92822656
2020,2020-03-01,sarimax,30.73526339,31.66364695,29.38809075,33.93920314,28.18348407,35.14380982
2020,2020-04-01,sarimax,31.9764249,32.49402776,30.21847157,34.76958396,29.01386489,35.97419064
2020,2020-05-01,sarimax,32.21074735,34.06949799,31.7939418,36.34505418,30.58933511,37.54966086
2020,2020-06-01,sarimax,32.17709173,32.98684277,30.71128658,35.26239897,29.5066799,36.46700565
2020,2020-03-01,ets,30.73526339,32.19317959,31.02355864,33.36280055,30.4043987,33.98196048
2020,2020-04-01,ets,31.9764249,33.28393459,32.11431364,34.45355555,31.4951537,35.07271548
2020,2020-05-01,ets,32.21074735,32.85840665,31.6887857,34.02802761,31.06962577,34.64718754
2020,2020-06-01,ets,32.17709173,32.12529077,30.95566982,33.29491172,30.33650988,33.91407166
2021,2021-03-01,seasonal_naive,33.31397345,30.73526339,29.03728309,32.43324368,28.13842662,33.33210015
2021,2021-04-01,seasonal_naive,35.4140913,31.9764249,30.2784446,33.6744052,29.37958813,34.57326167
2021,2021-05-01,seasonal_naive,33.23397297,32.21074735,30.51276706,33.90872765,29.61391059,34.80758412
2021,2021-06-01,seasonal_naive,31.26809163,32.17709173,30.47911144,33.87507203,29.58025497,34.7739285
2021,2021-03-01,monthly_climatology,33.31397345,31.76382193,30.55618369,32.97146017,29.91689862,33.61074524
2021,2021-04-01,monthly_climatology,35.4140913,32.85549974,31.6478615,34.06313798,31.00857643,34.70242304
2021,2021-05-01,monthly_climatology,33.23397297,32.43965467,31.23201643,33.64729291,30.59273136,34.28657797
2021,2021-06-01,monthly_climatology,31.26809163,31.72182629,30.51418805,32.92946453,29.87490298,33.5687496
2021,2021-03-01,climatology_linear_trend,33.31397345,32.16219036,30.97749171,33.34688902,30.35035012,33.9740306
2021,2021-04-01,climatology_linear_trend,35.4140913,33.25389271,32.06919406,34.43859137,31.44205247,35.06573295
2021,2021-05-01,climatology_linear_trend,33.23397297,32.83802855,31.6533299,34.02272721,31.02618832,34.64986879
2021,2021-06-01,climatology_linear_trend,31.26809163,32.12022472,30.93552607,33.30492338,30.30838448,33.93206496
2021,2021-03-01,sarimax,33.31397345,30.85906538,28.57248724,33.14564351,27.3620459,34.35608486
2021,2021-04-01,sarimax,35.4140913,31.96421098,29.67763285,34.25078912,28.4671915,35.46123046
2021,2021-05-01,sarimax,33.23397297,32.17206462,29.88548648,34.45864275,28.67504514,35.6690841
2021,2021-06-01,sarimax,31.26809163,32.14109579,29.85451765,34.42767392,28.64407631,35.63811527
2021,2021-03-01,ets,33.31397345,32.16148024,30.98895026,33.33401021,30.36825039,33.95471009
2021,2021-04-01,ets,35.4140913,33.2523446,32.07981462,34.42487457,31.45911474,35.04557445
2021,2021-05-01,ets,33.23397297,32.83513224,31.66260226,34.00766222,31.04190239,34.62836209
2021,2021-06-01,ets,31.26809163,32.11836486,30.94583488,33.29089483,30.32513501,33.91159471
2022,2022-03-01,seasonal_naive,33.30074761,33.31397345,31.61174974,35.01619716,30.71064694,35.91729996
2022,2022-04-01,seasonal_naive,34.05309177,35.4140913,33.71186759,37.11631501,32.81076479,38.01741781
2022,2022-05-01,seasonal_naive,32.3120379,33.23397297,31.53174926,34.93619668,30.63064646,35.83729948
2022,2022-06-01,seasonal_naive,31.72642497,31.26809163,29.56586792,32.97031534,28.66476512,33.87141814
2022,2022-03-01,monthly_climatology,33.30074761,31.79482496,30.57950374,33.01014618,29.93615155,33.65349837
2022,2022-04-01,monthly_climatology,34.05309177,32.90667157,31.69135035,34.12199279,31.04799816,34.76534498
2022,2022-05-01,monthly_climatology,32.3120379,32.45554103,31.24021982,33.67086225,30.59686763,34.31421444
2022,2022-06-01,monthly_climatology,31.72642497,31.7127516,30.49743038,32.92807282,29.85407819,33.57142501
2022,2022-03-01,climatology_linear_trend,33.30074761,32.23177795,31.04665309,33.41690282,30.41928588,34.04427002
2022,2022-04-01,climatology_linear_trend,34.05309177,33.34365095,32.15852609,34.52877582,31.53115888,35.15614302
2022,2022-05-01,climatology_linear_trend,32.3120379,32.89249989,31.70737503,34.07762476,31.08000782,34.70499196
2022,2022-06-01,climatology_linear_trend,31.72642497,32.14973685,30.96461199,33.33486171,30.33724478,33.96222892
2022,2022-03-01,sarimax,33.30074761,33.15296135,30.87663719,35.42928551,29.67162397,36.63429873
2022,2022-04-01,sarimax,34.05309177,35.02601618,32.74969202,37.30234034,31.5446788,38.50735356
2022,2022-05-01,sarimax,32.3120379,33.07740041,30.80107625,35.35372457,29.59606303,36.55873779
2022,2022-06-01,sarimax,31.72642497,31.32006564,29.04374148,33.5963898,27.83872826,34.80140302
2022,2022-03-01,ets,33.30074761,32.23174806,31.05855422,33.40494189,30.43750293,34.02599319
2022,2022-04-01,ets,34.05309177,33.34398615,32.17079232,34.51717998,31.54974102,35.13823128
2022,2022-05-01,ets,32.3120379,32.8926571,31.71946327,34.06585094,31.09841197,34.68690223
2022,2022-06-01,ets,31.72642497,32.14996552,30.97677169,33.32315935,30.35572039,33.94421065
2023,2023-03-01,seasonal_naive,31.28494123,33.30074761,31.60501159,34.99648363,30.70734317,35.89415206
2023,2023-04-01,seasonal_naive,35.73375803,34.05309177,32.35735575,35.74882779,31.45968732,36.64649621
2023,2023-05-01,seasonal_naive,34.57494145,32.3120379,30.61630188,34.00777392,29.71863346,34.90544235
2023,2023-06-01,seasonal_naive,33.0117581,31.72642497,30.03068895,33.42216099,29.13302052,34.31982941
2023,2023-03-01,monthly_climatology,31.28494123,31.82435286,30.60282288,33.04588284,29.95618397,33.69252175
2023,2023-04-01,monthly_climatology,35.73375803,32.92915039,31.70762041,34.15068038,31.0609815,34.79731929
2023,2023-05-01,monthly_climatology,34.57494145,32.45272725,31.23119727,33.67425723,30.58455836,34.32089614
2023,2023-06-01,monthly_climatology,33.0117581,31.7130197,30.49148972,32.93454968,29.84485081,33.58118859
2023,2023-03-01,climatology_linear_trend,31.28494123,32.28345688,31.09659737,33.47031639,30.4683119,34.09860186
2023,2023-04-01,climatology_linear_trend,35.73375803,33.38828162,32.20142211,34.57514113,31.57313663,35.2034266
2023,2023-05-01,climatology_linear_trend,34.57494145,32.91183732,31.72497781,34.09869683,31.09669233,34.7269823
2023,2023-06-01,climatology_linear_trend,33.0117581,32.17215697,30.98529746,33.35901648,30.35701199,33.98730195
2023,2023-03-01,sarimax,31.28494123,33.00248257,30.76537553,35.2395896,29.58112261,36.42384252
2023,2023-04-01,sarimax,35.73375803,33.63916107,31.40205403,35.8762681,30.21780111,37.06052102
2023,2023-05-01,sarimax,34.57494145,32.11356157,29.87645454,34.3506686,28.69220162,35.53492153
2023,2023-06-01,sarimax,33.0117581,31.59940754,29.36230051,33.83651457,28.17804758,35.0207675
2023,2023-03-01,ets,31.28494123,32.28351728,31.10837048,33.45866408,30.48628534,34.08074922
2023,2023-04-01,ets,35.73375803,33.38830651,32.21315971,34.56345331,31.59107457,35.18553845
2023,2023-05-01,ets,34.57494145,32.91188752,31.73674071,34.08703432,31.11465557,34.70911946
2023,2023-06-01,ets,33.0117581,32.17218,30.9970332,33.3473268,30.37494806,33.96941194
