simulation,2025,2026,2027,2028,2029
1,0,3,0,0,10
2,1,0,3,19,1
3,2,3,0,0,1
4,1,6,15,0,0
5,1,0,0,11,0
6,0,1,0,0,6
7,2,0,22,10,0
8,1,1,0,0,0
9,2,0,0,7,0
10,3,0,7,0,3
11,5,0,0,25,0
12,0,5,0,0,4
13,0,0,0,0,0
14,0,8,2,6,0
15,6,0,0,200,0
16,2,0,2,0,4
17,14,12,2,19,19
18,31,0,0,4,0
19,0,0,10,0,7
20,13,0,58,0,0
21,8,0,6,2,0
22,0,0,1,0,14
23,0,0,13,0,0
24,3,11,0,0,0
25,0,8,0,1,1
26,2,13,0,2,0
27,39,0,64,0,1
28,1,0,20,2,0
29,55,17,47,0,0
30,0,4,0,33,45
31,0,0,62,0,0
32,0,0,0,0,0
33,0,10,0,0,0
34,45,7,0,0,0
35,0,0,0,1,0
36,0,0,4,0,1
37,1,0,1,46,1
38,2,0,7,1,0
39,34,0,0,9,0
40,0,0,0,3,24
41,7,0,2,0,4
42,62,0,0,59,5
43,0,0,0,0,1
44,9,6,1,41,0
45,0,0,0,0,0
46,6,0,0,16,78
47,0,0,1,8,3
48,1,0,0,0,53
49,0,0,6,2,0
50,0,0,75,0,0
51,0,10,0,1,0
52,0,0,0,12,0
53,9,0,0,14,0
54,1,39,0,0,0
55,7,39,13,0,0
56,23,0,0,2,2
57,0,5,1,0,13
58,0,1,1,14,2
59,4,0,7,14,0
60,0,1,31,1,0
61,64,0,17,0,5
62,0,0,5,0,0
63,38,0,22,1,0
64,0,32,17,6,0
65,0,22,0,5,0
66,0,2,14,4,0
67,0,0,0,0,0
68,0,0,0,0,0
69,0,13,0,0,4
70,0,4,0,18,7
71,3,58,8,0,1
72,0,9,0,22,0
73,0,0,1,0,0
74,14,79,0,55,5
75,0,0,1,0,0
76,42,10,0,0,22
77,0,0,0,0,0
78,7,0,4,1,8
79,13,0,1,0,0
80,5,0,2,1,0
81,0,12,0,0,0
82,8,4,11,0,0
83,15,9,0,0,23
84,0,0,0,0,0
85,0,32,15,8,4
86,1,0,3,123,34
87,2,19,9,0,0
88,1,7,0,4,0
89,0,0,2,9,5
90,0,114,7,0,0
91,1,52,0,63,0
92,0,3,0,0,5
93,3,0,4,6,3
94,1,0,0,0,0
95,21,51,7,0,0
96,0,0,2,25,7
97,3,0,1,18,0
98,0,0,0,13,0
99,185,0,43,0,0
100,5,0,0,1,0
101,2,9,5,9,0
102,0,0,2,0,3
103,6,0,3,0,0
104,1,0,0,0,0
105,0,1,0,0,3
106,45,0,84,0,20
107,1,8,0,0,17
108,0,0,0,0,5
109,0,0,0,0,12
110,32,0,0,3,1
111,2,6,1,1,0
112,0,10,14,5,0
113,0,0,13,0,9
114,0,0,0,0,0
115,0,19,0,0,0
116,3,0,0,1,0
117,1,5,89,87,0
118,0,0,0,55,0
119,0,0,3,2,14
120,1,1,3,68,34
121,6,0,18,6,0
122,2,0,6,0,0
123,0,0,0,7,2
124,6,7,0,1,0
125,0,0,12,0,0
126,1,0,12,21,6
127,6,0,0,0,0
128,0,0,22,64,0
129,3,0,6,3,0
130,0,0,0,0,1
131,13,0,0,1,0
132,2,0,2,0,0
133,0,1,1,11,0
134,1,10,17,0,0
135,0,0,2,1,4
136,0,0,0,15,0
137,0,9,0,14,0
138,39,1,0,8,1
139,0,2,1,2,0
140,1,0,0,1,2
141,1,0,2,3,0
142,0,0,0,8,0
143,0,0,0,29,0
144,4,0,1,0,0
145,0,3,9,8,0
146,1,0,0,1,0
147,0,5,0,1,0
148,0,0,92,49,0
149,0,0,1,0,0
150,0,0,1,0,0
151,13,3,0,38,0
152,15,0,0,0,0
153,0,0,1,0,1
154,15,1,30,2,1
155,0,3,0,0,5
156,1,0,1,5,29
157,0,1,13,0,4
158,0,0,0,0,0
159,1,0,0,0,0
160,0,3,0,0,6
161,0,0,0,0,0
162,0,1,0,4,85
163,0,0,5,4,7
164,7,0,0,27,0
165,1,1,0,0,0
166,0,0,10,0,75
167,1,0,1,7,6
168,44,0,1,9,0
169,1,0,68,1,3
170,2,0,1,0,0
171,58,1,0,0,0
172,0,0,25,27,2
173,1,0,6,0,0
174,6,16,0,0,5
175,1,1,0,0,4
176,0,0,0,0,0
177,1,1,0,0,2
178,0,0,4,6,0
179,0,6,13,0,0
180,0,1,0,0,0
181,0,2,25,0,9
182,0,0,0,21,2
183,4,3,5,0,0
184,17,0,96,5,75
185,0,0,0,0,1
186,0,1,0,6,0
187,2,0,1,2,0
188,6,0,5,0,19
189,1,41,0,20,0
190,0,0,3,0,2
191,13,0,0,1,0
192,4,5,0,0,0
193,0,34,1,0,6
194,6,0,0,0,0
195,1,1,0,1,16
196,0,6,0,0,0
197,0,8,8,0,0
198,0,0,0,2,5
199,1,7,0,0,50
200,0,0,0,0,1
201,0,0,0,0,9
202,0,2,6,0,34
203,1,0,0,11,0
204,25,0,8,10,22
205,15,8,0,0,0
206,0,0,20,0,44
207,0,0,8,11,17
208,0,0,12,2,11
209,0,1,0,9,4
210,0,3,2,5,0
211,0,1,3,0,6
212,0,0,1,8,0
213,0,39,4,110,3
214,1,0,0,0,0
215,73,0,19,0,11
216,1,0,0,0,0
217,0,5,0,0,20
218,0,0,0,1,0
219,0,4,0,5,0
220,1,0,0,0,1
221,0,0,0,0,6
222,1,2,1,0,4
223,2,10,3,0,7
224,0,0,0,6,0
225,0,5,4,28,0
226,0,0,0,13,13
227,26,0,18,0,0
228,73,0,0,2,0
229,2,2,47,0,11
230,2,0,0,0,1
231,0,0,9,1,6
232,2,39,0,0,0
233,0,7,6,0,0
234,24,14,0,8,4
235,2,2,0,0,0
236,0,8,4,6,15
237,0,0,0,6,2
238,0,11,0,0,12
239,2,0,0,7,1
240,0,0,0,0,0
241,25,9,0,0,0
242,0,0,4,0,0
243,0,3,0,1,1
244,11,3,11,41,28
245,0,0,16,0,11
246,0,29,0,0,0
247,24,0,3,9,0
248,1,4,6,0,0
249,8,0,0,1,1
250,0,0,1,0,0
251,0,0,0,6,0
252,0,0,0,0,2
253,1,0,1,0,0
254,1,5,7,1,0
255,0,56,5,0,0
256,2,10,21,0,4
257,1,0,0,6,11
258,0,0,2,1,0
259,5,1,7,0,18
260,0,0,1,0,0
261,3,0,0,0,7
262,0,0,0,1,0
263,0,1,3,0,5
264,0,0,0,0,0
265,20,0,0,0,0
266,4,22,0,20,1
267,0,8,7,0,0
268,35,2,0,52,10
269,0,0,0,103,1
270,0,0,20,3,0
271,171,15,1,0,5
272,6,5,1,0,1
273,0,8,0,15,5
274,0,0,2,11,0
275,0,0,0,0,3
276,0,0,0,5,10
277,1,0,0,0,0
278,0,0,5,3,0
279,7,4,0,2,0
280,0,18,0,0,1
281,0,0,4,0,4
282,1,0,0,0,17
283,1,7,6,0,0
284,0,0,0,12,0
285,0,0,0,0,2
286,0,2,0,0,0
287,0,0,8,0,0
288,62,0,0,44,40
289,0,4,0,3,1
290,5,0,0,0,2
291,0,20,0,0,0
292,71,17,4,0,0
293,0,9,0,4,3
294,3,4,0,12,0
295,117,6,22,2,0
296,0,0,13,9,0
297,6,0,1,0,5
298,3,1,32,145,0
299,1,0,0,4,0
300,0,0,0,0,0
301,0,2,0,0,1
302,2,0,0,0,0
303,0,21,1,0,0
304,10,0,0,0,0
305,0,5,0,0,12
306,0,0,6,0,0
307,0,0,0,21,0
308,0,0,0,0,1
309,0,12,0,1,0
310,3,0,0,1,2
311,0,33,7,0,0
312,0,0,3,0,0
313,18,0,105,23,38
314,0,0,0,0,3
315,5,0,0,28,1
316,0,0,0,0,3
317,0,4,0,1,0
318,0,1,0,0,0
319,7,1,0,3,0
320,2,0,0,0,0
321,0,8,0,10,0
322,40,221,0,128,0
323,6,12,0,0,0
324,1,0,11,0,0
325,0,2,14,22,0
326,1,0,0,123,0
327,0,0,0,0,0
328,0,18,0,0,11
329,0,4,0,6,2
330,0,0,6,0,17
331,1,18,0,2,0
332,15,0,4,0,0
333,9,27,0,0,0
334,2,0,21,1,15
335,1,0,0,0,4
336,0,0,10,1,0
337,50,0,0,10,38
338,0,0,0,0,8
339,4,2,0,9,74
340,1,1,32,1,0
341,0,0,4,0,0
342,0,0,2,4,8
343,5,0,66,58,0
344,0,17,0,5,0
345,1,3,0,0,0
346,0,9,8,1,0
347,15,0,0,3,0
348,0,0,0,2,3
349,0,0,0,0,6
350,0,7,1,0,5
351,0,0,1,0,0
352,3,6,5,2,0
353,0,20,0,0,16
354,5,57,0,35,1
355,3,0,0,0,0
356,0,1,3,1,0
357,0,51,0,0,7
358,0,1,10,0,0
359,5,0,7,0,4
360,0,4,11,4,0
361,7,2,0,0,0
362,16,1,4,0,9
363,0,57,0,0,0
364,1,0,0,1,0
365,4,0,0,5,0
366,0,6,1,2,22
367,0,0,16,72,0
368,17,7,0,1,1
369,48,28,61,0,0
370,0,0,1,0,22
371,0,3,2,1,0
372,0,0,0,0,0
373,6,0,0,5,3
374,6,0,0,0,6
375,0,1,15,0,0
376,0,1,0,0,0
377,93,97,0,115,23
378,0,1,0,0,0
379,8,64,0,2,84
380,0,0,8,2,0
381,26,9,12,0,2
382,0,0,6,2,1
383,0,0,0,80,1
384,9,27,0,0,12
385,7,0,0,9,0
386,0,0,1,0,1
387,6,6,0,0,1
388,0,6,1,0,3
389,59,49,29,55,0
390,1,2,0,0,1
391,13,0,0,3,0
392,0,0,4,4,4
393,0,0,1,0,3
394,0,0,0,3,0
395,0,4,4,0,1
396,25,5,49,0,0
397,2,24,9,0,0
398,0,0,3,3,0
399,3,0,64,6,34
400,0,1,0,13,0
401,1,0,0,5,7
402,16,0,0,8,5
403,0,12,0,0,17
404,8,4,0,0,0
405,10,0,0,7,17
406,0,0,0,0,0
407,0,0,6,2,3
408,1,0,2,4,21
409,12,65,6,5,0
410,0,0,0,19,48
411,26,26,3,1,0
412,30,1,0,0,1
413,0,0,0,32,0
414,0,0,0,26,0
415,7,11,0,3,1
416,4,0,0,2,41
417,11,1,0,0,16
418,0,0,0,1,15
419,47,0,7,8,6
420,57,0,38,26,0
421,0,17,36,1,15
422,0,0,10,0,6
423,0,0,0,4,0
424,0,0,1,0,0
425,0,0,2,0,38
426,3,4,0,0,2
427,0,3,3,0,1
428,1,0,1,0,2
429,14,6,0,4,7
430,1,0,4,0,0
431,0,0,0,2,3
432,0,0,2,0,0
433,0,16,2,0,0
434,2,10,1,0,2
435,16,2,1,0,0
436,83,0,0,74,40
437,0,22,3,3,0
438,1,0,11,14,0
439,0,0,0,0,0
440,23,36,0,0,0
441,0,14,0,0,0
442,15,0,50,0,0
443,5,0,0,0,13
444,0,0,0,44,1
445,0,0,0,0,22
446,1,30,0,0,0
447,9,6,0,3,0
448,1,0,0,1,0
449,0,41,10,0,0
450,0,0,0,0,0
451,0,0,1,2,16
452,0,4,68,0,0
453,0,0,0,0,0
454,17,0,0,0,2
455,0,0,2,34,0
456,0,25,0,29,0
457,0,4,6,0,0
458,10,6,0,0,22
459,0,37,0,0,9
460,0,0,3,0,15
461,0,1,0,0,0
462,1,0,9,0,0
463,0,0,2,1,0
464,0,0,4,9,10
465,0,2,0,4,5
466,0,0,0,0,7
467,0,0,0,1,0
468,63,1,0,0,0
469,20,13,99,0,0
470,0,13,0,0,0
471,6,2,9,0,0
472,0,0,12,0,0
473,0,0,4,0,0
474,0,0,0,0,7
475,28,174,39,0,6
476,2,0,0,16,1
477,16,72,0,62,104
478,0,0,3,48,1
479,13,0,0,0,10
480,2,0,0,12,5
481,6,5,0,0,0
482,6,12,4,0,0
483,0,1,76,0,42
484,0,0,35,41,0
485,14,0,0,1,4
486,0,3,3,6,33
487,4,0,2,0,0
488,3,0,1,0,0
489,0,67,0,0,16
490,43,0,1,6,2
491,0,0,9,0,48
492,0,0,0,1,0
493,0,72,0,8,2
494,0,0,0,0,3
495,0,0,0,4,2
496,63,21,3,2,11
497,0,6,0,0,0
498,4,9,27,5,0
499,0,25,0,32,9
500,0,0,0,0,1
501,2,1,0,74,0
502,11,0,0,0,66
503,0,0,0,0,19
504,2,24,0,4,0
505,1,1,2,0,0
506,7,5,7,0,0
507,0,9,1,9,0
508,2,20,6,8,2
509,22,3,24,5,5
510,6,0,0,4,5
511,4,0,14,1,4
512,1,3,0,22,1
513,0,12,23,1,0
514,0,4,0,6,4
515,30,6,9,0,0
516,1,2,0,3,1
517,15,0,0,0,0
518,1,0,1,2,2
519,3,0,0,0,0
520,0,1,0,0,0
521,1,0,0,0,0
522,1,7,7,1,0
523,0,3,3,0,8
524,1,57,0,1,0
525,0,49,0,0,5
526,0,37,5,0,0
527,82,1,0,1,0
528,18,3,0,78,3
529,0,0,0,0,0
530,0,0,0,0,0
531,0,0,0,0,0
532,38,0,0,6,16
533,0,0,0,0,26
534,12,2,2,6,0
535,0,37,3,25,0
536,0,0,37,0,0
537,29,8,32,0,2
538,0,2,0,0,8
539,0,0,0,0,4
540,3,0,5,0,0
541,0,3,7,0,0
542,0,4,6,1,0
543,0,0,6,2,6
544,3,29,6,0,0
545,0,11,8,5,0
546,0,14,2,27,1
547,0,24,0,13,0
548,1,0,0,3,0
549,4,2,0,1,22
550,0,3,0,1,0
551,47,14,0,0,4
552,0,33,0,1,0
553,0,1,4,30,17
554,0,1,0,0,28
555,4,0,7,5,1
556,0,0,0,0,0
557,0,10,0,5,0
558,11,3,0,1,0
559,0,0,0,0,0
560,0,0,2,6,27
561,0,14,4,0,1
562,0,0,0,3,0
563,35,1,0,0,0
564,0,3,0,0,0
565,0,0,0,4,0
566,0,0,2,2,5
567,0,0,0,0,37
568,10,17,0,0,0
569,17,0,3,0,11
570,0,1,1,0,14
571,2,0,0,0,0
572,0,0,16,15,3
573,5,47,0,17,0
574,0,3,2,0,0
575,3,0,0,0,2
576,2,0,0,0,0
577,147,30,0,20,45
578,4,0,17,5,9
579,3,0,0,0,12
580,25,1,13,0,9
581,0,3,0,0,1
582,0,1,0,0,0
583,0,1,31,0,1
584,1,21,0,0,0
585,10,0,3,0,7
586,0,2,55,0,0
587,0,76,1,0,0
588,1,0,1,0,0
589,1,0,0,0,0
590,2,2,0,2,12
591,0,0,0,0,1
592,0,2,2,0,0
593,6,0,0,0,1
594,0,0,0,0,15
595,0,36,0,4,0
596,0,0,0,4,0
597,0,6,0,1,1
598,6,28,33,0,0
599,5,2,11,4,0
600,1,0,3,5,0
601,0,8,0,1,0
602,2,0,0,1,0
603,30,0,15,0,0
604,4,1,0,0,0
605,22,4,0,13,0
606,16,30,0,0,0
607,22,22,1,0,2
608,0,4,0,13,5
609,25,1,0,0,0
610,2,0,0,0,4
611,12,20,8,141,0
612,0,2,3,0,3
613,0,9,132,4,15
614,0,0,3,75,1
615,0,0,0,0,4
616,0,6,0,153,1
617,0,6,0,6,1
618,26,0,0,0,31
619,0,5,0,0,0
620,0,15,43,6,11
621,0,14,1,1,0
622,0,0,6,0,5
623,0,0,0,0,0
624,16,18,71,1,0
625,0,0,70,4,1
626,6,1,0,0,0
627,0,1,0,1,0
628,0,32,0,0,5
629,0,0,0,0,5
630,0,1,0,0,0
631,0,7,0,0,0
632,2,0,0,0,0
633,4,7,4,4,0
634,0,0,32,2,0
635,0,5,0,9,0
636,0,0,1,0,0
637,0,0,4,0,0
638,4,0,0,0,11
639,38,13,0,1,0
640,6,2,0,0,1
641,0,1,11,0,0
642,0,0,1,9,5
643,0,0,0,0,0
644,0,1,0,0,1
645,0,1,109,17,0
646,6,0,0,1,31
647,1,0,3,31,3
648,36,5,0,2,4
649,0,0,0,2,0
650,0,0,0,23,0
651,5,7,0,3,1
652,0,1,0,0,6
653,0,20,6,0,0
654,2,28,3,10,3
655,6,0,18,0,1
656,24,10,0,0,0
657,0,3,2,16,0
658,0,2,0,4,1
659,1,0,0,0,0
660,0,0,46,0,1
661,0,1,0,0,0
662,6,1,40,0,0
663,2,0,0,4,3
664,1,0,0,13,0
665,0,2,5,0,0
666,0,1,2,0,11
667,0,14,0,1,1
668,1,7,0,2,4
669,9,0,10,0,0
670,0,0,2,0,0
671,0,0,12,0,0
672,2,0,0,2,16
673,0,0,1,0,0
674,4,8,0,0,0
675,0,0,0,0,0
676,0,0,0,2,0
677,7,0,0,0,3
678,7,9,0,16,0
679,0,2,0,0,3
680,0,0,6,0,5
681,21,0,31,188,2
682,4,1,0,0,6
683,0,1,0,0,1
684,0,0,0,5,35
685,6,2,0,0,12
686,4,0,0,0,0
687,6,0,0,1,5
688,54,0,7,0,0
689,22,6,1,0,0
690,3,0,8,0,0
691,0,0,0,0,0
692,0,320,0,3,0
693,0,0,5,2,0
694,1,0,0,0,0
695,1,0,7,14,0
696,0,1,0,16,25
697,0,0,23,0,0
698,0,8,2,0,52
699,0,1,0,0,0
700,2,0,0,0,0
701,12,4,0,0,5
702,0,0,4,3,10
703,0,0,1,4,8
704,1,0,1,0,0
705,0,12,0,0,22
706,0,0,0,9,0
707,1,35,2,11,0
708,0,5,0,1,0
709,0,15,3,5,8
710,0,0,20,0,0
711,0,0,2,0,33
712,0,0,62,0,0
713,0,0,0,0,0
714,12,16,0,0,0
715,10,0,0,0,6
716,0,0,0,7,1
717,8,2,11,2,6
718,0,7,0,0,0
719,5,5,0,0,0
720,40,0,0,0,0
721,22,73,1,19,6
722,7,100,1,37,0
723,0,0,0,7,13
724,21,0,0,3,5
725,2,3,2,0,2
726,0,0,0,1,0
727,1,28,0,1,0
728,0,0,0,0,0
729,0,8,6,49,13
730,0,0,4,4,1
731,0,0,24,0,2
732,0,4,0,0,0
733,3,0,0,0,5
734,22,2,0,0,14
735,3,0,1,0,11
736,0,1,0,117,12
737,0,0,0,11,0
738,8,0,0,3,5
739,0,0,7,0,0
740,0,8,0,13,85
741,0,0,1,0,9
742,0,0,9,1,1
743,0,8,0,0,0
744,0,0,0,1,13
745,10,0,2,4,0
746,0,0,0,0,17
747,2,0,1,10,0
748,5,1,0,0,0
749,108,5,0,0,6
750,0,0,13,0,4
751,2,195,61,43,140
752,0,1,1,29,4
753,8,0,2,0,2
754,0,2,0,0,0
755,0,0,0,4,18
756,0,7,0,0,0
757,8,31,0,0,38
758,4,0,11,0,4
759,0,0,0,12,1
760,0,4,0,0,0
761,3,1,0,0,1
762,0,3,2,0,0
763,61,4,2,0,0
764,0,18,0,0,7
765,17,1,1,0,0
766,1,10,8,0,0
767,0,1,0,2,1
768,0,0,2,0,15
769,0,0,2,7,0
770,0,16,0,2,0
771,0,31,2,0,0
772,0,0,1,0,0
773,0,1,1,0,0
774,0,0,8,0,17
775,0,0,0,0,2
776,0,0,0,1,1
777,0,0,0,27,9
778,106,0,0,0,1
779,2,3,11,6,4
780,0,3,3,0,0
781,0,0,0,0,23
782,0,0,0,2,2
783,14,0,2,1,10
784,0,20,3,0,1
785,0,0,0,0,0
786,4,5,5,6,55
787,0,0,0,0,0
788,0,26,0,0,5
789,2,0,0,2,0
790,0,0,15,1,0
791,0,0,0,0,2
792,21,0,1,15,0
793,35,0,8,3,0
794,0,0,0,1,0
795,7,0,0,18,16
796,1,0,57,0,0
797,4,0,0,4,0
798,0,0,1,0,0
799,0,5,0,17,0
800,0,6,0,3,1
801,7,18,1,0,0
802,1,5,0,8,0
803,1,18,5,2,3
804,7,2,5,2,0
805,0,33,17,0,8
806,0,23,0,0,0
807,0,0,0,0,0
808,0,0,15,0,0
809,0,1,0,1,0
810,0,0,0,0,0
811,3,1,0,1,3
812,0,0,0,0,7
813,24,1,6,2,0
814,88,1,0,2,4
815,0,0,2,0,8
816,0,12,0,0,1
817,0,0,4,6,1
818,4,0,6,9,3
819,0,0,1,0,29
820,3,0,1,0,0
821,1,6,4,11,20
822,0,2,1,18,16
823,0,0,0,0,0
824,0,0,0,0,0
825,1,14,8,1,37
826,4,0,0,11,2
827,1,4,0,1,1
828,15,13,0,0,11
829,0,0,2,0,0
830,20,11,8,0,0
831,0,0,0,1,0
832,2,0,0,0,0
833,2,10,0,6,0
834,3,2,0,0,0
835,6,0,26,0,0
836,1,1,1,0,0
837,0,8,0,5,2
838,6,12,12,0,0
839,2,1,0,20,0
840,0,0,0,0,0
841,0,0,1,0,3
842,0,3,0,0,0
843,0,3,0,0,8
844,0,1,0,12,0
845,1,0,0,0,1
846,0,6,20,3,25
847,16,0,0,1,2
848,118,0,64,0,0
849,0,9,4,0,0
850,0,1,13,0,0
851,2,31,0,0,0
852,1,0,0,0,0
853,4,2,18,0,86
854,0,0,2,0,0
855,0,7,1,39,2
856,1,0,5,4,0
857,2,0,0,4,0
858,0,27,0,0,4
859,0,10,0,0,23
860,16,0,23,29,6
861,0,0,0,0,27
862,8,12,2,0,0
863,3,8,17,16,0
864,0,1,0,0,4
865,39,0,1,7,0
866,0,0,2,4,0
867,8,2,4,0,2
868,0,0,1,0,2
869,44,21,3,11,0
870,0,2,0,0,0
871,2,0,23,1,24
872,0,3,6,78,0
873,0,11,0,0,1
874,30,0,0,0,0
875,0,0,0,0,0
876,1,26,4,0,3
877,0,0,6,20,6
878,0,0,1,5,0
879,0,0,0,1,7
880,0,0,0,4,0
881,7,0,0,6,0
882,126,9,8,24,0
883,1,1,6,0,0
884,8,2,84,8,0
885,0,11,0,1,2
886,1,0,0,23,0
887,6,1,56,0,74
888,8,0,4,1,0
889,0,0,0,13,0
890,2,15,1,1,0
891,0,0,44,7,0
892,0,1,4,0,0
893,1,0,0,0,2
894,45,0,1,0,0
895,1,35,0,1,6
896,0,0,0,10,10
897,0,0,2,14,0
898,4,72,0,2,1
899,0,6,1,0,1
900,0,0,2,4,0
901,0,0,0,0,2
902,5,6,0,12,0
903,0,0,4,7,13
904,13,2,1,0,0
905,2,14,0,0,8
906,0,9,17,0,15
907,0,0,2,0,22
908,0,0,9,0,6
909,0,0,11,3,0
910,3,8,2,13,0
911,0,7,0,2,0
912,0,0,1,4,36
913,4,2,0,0,7
914,0,0,3,1,0
915,7,12,0,0,0
916,2,1,0,0,1
917,1,27,7,2,0
918,1,0,0,0,0
919,0,15,22,0,8
920,2,2,0,0,3
921,0,60,0,27,0
922,0,40,10,0,133
923,0,0,0,7,0
924,0,0,0,2,0
925,0,0,41,108,0
926,1,0,0,2,1
927,0,0,0,10,22
928,0,0,244,122,12
929,0,0,5,0,1
930,5,0,0,0,4
931,1,29,1,4,0
932,0,30,23,0,0
933,31,0,0,0,2
934,8,0,0,38,0
935,0,0,0,0,4
936,1,0,0,5,0
937,15,1,15,0,0
938,0,0,0,0,0
939,25,4,2,1,0
940,0,53,3,0,1
941,0,0,0,17,0
942,29,0,2,1,1
943,4,12,12,46,8
944,0,11,21,1,42
945,2,5,27,0,0
946,0,0,4,3,5
947,8,0,40,4,0
948,0,1,0,0,9
949,5,1,1,0,0
950,7,1,13,0,0
951,0,1,0,0,2
952,0,0,1,0,0
953,1,0,0,0,0
954,32,7,0,0,0
955,5,0,0,5,1
956,1,4,14,0,23
957,0,0,0,0,11
958,0,0,1,0,0
959,3,0,5,0,0
960,0,1,0,0,0
961,0,0,0,5,0
962,0,0,5,0,59
963,0,5,29,4,0
964,0,13,0,0,0
965,18,0,0,0,1
966,0,0,3,0,0
967,31,11,0,21,46
968,0,22,0,0,4
969,2,100,51,27,9
970,4,2,1,25,0
971,0,15,0,10,6
972,0,0,0,0,0
973,8,0,26,1,3
974,0,0,0,0,4
975,5,0,8,30,10
976,2,1,0,0,2
977,1,0,0,21,2
978,0,0,0,28,6
979,1,0,34,9,49
980,0,14,0,2,0
981,3,0,0,0,0
982,0,0,0,0,0
983,27,0,0,1,0
984,0,1,0,0,0
985,0,0,2,0,6
986,0,0,0,0,10
987,0,0,9,0,17
988,0,21,40,7,0
989,3,15,0,0,0
990,14,0,0,7,13
991,3,1,0,0,12
992,1,0,0,0,4
993,0,0,4,1,5
994,66,0,0,0,1
995,8,0,0,0,1
996,9,0,1,45,61
997,33,0,0,0,0
998,0,0,68,4,0
999,0,1,0,0,55
1000,46,6,2,0,23
1001,3,7,0,0,27
1002,0,0,0,0,2
1003,2,0,5,0,1
1004,1,3,0,27,0
1005,12,1,0,0,0
1006,0,8,0,0,0
1007,0,0,21,0,10
1008,0,0,4,0,0
1009,0,5,11,8,0
1010,10,0,0,5,0
1011,0,3,0,1,0
1012,0,19,0,0,0
1013,3,0,0,9,2
1014,2,1,0,0,18
1015,2,0,0,0,3
1016,0,18,3,0,0
1017,0,1,1,0,0
1018,0,5,0,15,94
1019,0,1,0,0,1
1020,0,5,2,0,1
1021,0,7,2,1,31
1022,39,3,0,0,0
1023,0,0,5,3,2
1024,0,0,0,14,2
1025,0,6,0,1,0
1026,3,15,0,0,0
1027,0,25,2,2,2
1028,0,0,21,0,0
1029,1,0,0,5,0
1030,0,0,0,0,0
1031,1,8,0,0,1
1032,7,22,1,8,0
1033,4,0,0,0,0
1034,19,0,9,0,0
1035,0,0,8,0,0
1036,12,7,1,12,0
1037,0,0,0,0,5
1038,0,1,17,2,2
1039,0,0,0,6,34
1040,0,0,0,0,31
1041,0,48,13,12,29
1042,0,0,0,1,0
1043,5,1,8,0,4
1044,71,10,19,6,1
1045,0,0,19,0,0
1046,2,8,0,0,11
1047,3,0,0,0,3
1048,0,0,0,1,0
1049,3,0,1,1,0
1050,66,0,10,8,3
1051,1,0,2,0,0
1052,3,7,2,7,21
1053,43,2,1,0,0
1054,0,0,0,5,110
1055,0,0,0,0,0
1056,0,3,0,0,22
1057,1,0,13,4,0
1058,0,5,0,1,0
1059,0,3,0,0,14
1060,21,0,4,0,6
1061,2,0,0,2,1
1062,4,0,0,0,0
1063,0,0,1,0,1
1064,0,7,24,6,0
1065,0,1,2,0,0
1066,0,25,0,6,43
1067,43,0,0,0,0
1068,3,0,0,1,0
1069,0,0,0,3,0
1070,0,0,7,127,3
1071,2,0,16,1,9
1072,0,0,1,0,0
1073,1,0,28,6,0
1074,0,35,12,0,28
1075,0,0,4,1,0
1076,4,0,0,10,0
1077,0,0,0,3,0
1078,0,48,0,5,0
1079,0,2,0,0,0
1080,0,0,21,0,0
1081,14,0,10,0,0
1082,0,0,0,0,10
1083,0,3,0,0,1
1084,0,0,5,0,1
1085,0,0,2,0,0
1086,16,0,0,0,1
1087,1,106,0,0,0
1088,3,0,1,2,0
1089,0,9,0,0,5
1090,0,65,6,1,0
1091,2,0,2,18,11
1092,10,3,12,0,0
1093,1,1,0,6,0
1094,1,2,8,19,24
1095,0,15,0,0,1
1096,0,1,1,39,0
1097,57,0,0,11,2
1098,0,11,0,0,0
1099,31,3,2,15,1
1100,21,0,2,4,3
1101,1,0,1,5,0
1102,0,5,0,3,32
1103,0,0,3,4,7
1104,0,0,1,1,21
1105,0,0,0,0,3
1106,0,0,2,1,1
1107,5,6,12,0,0
1108,0,0,1,4,4
1109,0,3,23,0,0
1110,0,0,8,15,1
1111,0,0,39,0,0
1112,0,54,0,0,0
1113,15,16,0,0,0
1114,0,1,23,0,0
1115,0,5,0,0,56
1116,0,0,0,0,23
1117,1,0,12,0,0
1118,1,0,1,0,1
1119,1,32,18,9,0
1120,39,101,5,4,18
1121,0,23,24,0,0
1122,1,12,0,0,1
1123,20,24,0,0,4
1124,0,0,5,1,1
1125,8,1,0,78,4
1126,0,1,2,2,0
1127,0,5,11,0,18
1128,0,3,0,0,0
1129,2,0,0,0,0
1130,14,0,0,0,2
1131,14,9,0,14,8
1132,0,0,13,3,1
1133,0,2,0,30,0
1134,20,8,0,0,0
1135,0,0,0,1,0
1136,9,0,4,0,1
1137,0,0,15,2,66
1138,0,24,24,0,48
1139,0,26,0,3,0
1140,49,0,16,0,35
1141,0,0,0,9,0
1142,5,0,6,0,0
1143,5,2,0,3,0
1144,183,36,64,11,0
1145,10,0,2,0,0
1146,0,0,0,11,0
1147,1,0,0,0,3
1148,3,3,0,0,0
1149,0,0,6,0,0
1150,16,0,5,78,6
1151,0,0,0,0,4
1152,0,1,9,1,0
1153,6,0,8,10,0
1154,0,0,0,10,0
1155,0,37,0,2,0
1156,5,7,0,0,0
1157,0,0,0,4,0
1158,0,9,0,0,12
1159,0,0,39,0,23
1160,20,0,0,0,0
1161,9,0,2,2,13
1162,5,0,0,2,0
1163,10,0,0,2,0
1164,10,1,1,0,2
1165,0,10,0,0,11
1166,0,0,12,0,1
1167,1,85,0,1,3
1168,0,0,0,60,33
1169,36,0,0,0,0
1170,0,0,16,0,0
1171,0,0,0,1,0
1172,16,0,0,0,0
1173,4,0,0,0,0
1174,0,0,0,0,1
1175,3,2,0,0,0
1176,0,18,1,0,0
1177,27,0,0,4,25
1178,1,5,10,0,0
1179,5,0,6,2,2
1180,26,0,0,4,9
1181,0,1,0,25,1
1182,0,0,0,0,0
1183,0,0,0,0,0
1184,0,0,0,2,1
1185,0,11,0,0,0
1186,0,0,0,0,0
1187,0,0,4,0,0
1188,16,2,1,1,0
1189,0,0,2,0,0
1190,5,4,2,0,0
1191,2,0,11,3,0
1192,0,2,2,0,0
1193,16,0,1,0,0
1194,1,0,19,0,10
1195,3,3,3,1,0
1196,12,0,0,3,5
1197,0,1,0,2,3
1198,0,0,1,24,0
1199,0,2,0,0,48
1200,0,2,0,0,30
1201,0,1,0,0,1
1202,1,17,0,0,2
1203,0,5,0,0,0
1204,0,8,1,0,0
1205,0,0,0,0,2
1206,0,1,0,0,13
1207,0,0,0,0,0
1208,0,1,0,1,0
1209,13,0,8,2,6
1210,8,20,63,7,1
1211,0,0,0,0,0
1212,0,0,0,1,0
1213,85,11,0,58,51
1214,1,7,0,0,17
1215,23,7,0,0,0
1216,16,1,23,12,1
1217,20,0,0,0,0
1218,0,0,0,0,15
1219,0,4,0,10,0
1220,0,0,0,1,0
1221,0,0,0,0,8
1222,3,0,0,2,2
1223,0,0,3,16,0
1224,0,0,0,0,1
1225,68,0,0,1,1
1226,1,1,0,0,9
1227,0,20,0,0,0
1228,13,0,0,0,2
1229,0,0,0,1,0
1230,12,0,4,0,0
1231,0,0,4,2,0
1232,0,0,0,0,0
1233,0,0,4,0,15
1234,0,0,0,0,0
1235,3,1,0,0,0
1236,13,0,4,2,0
1237,0,0,10,0,14
1238,22,31,0,0,3
1239,4,18,0,0,1
1240,3,0,94,0,0
1241,0,11,6,5,1
1242,12,2,0,1,1
1243,0,0,2,0,0
1244,0,5,60,0,0
1245,1,0,0,2,4
1246,0,1,0,3,23
1247,2,0,8,0,0
1248,0,0,0,12,0
1249,48,1,46,0,0
1250,12,12,42,2,0
1251,0,2,2,22,43
1252,0,0,0,1,0
1253,8,0,2,0,5
1254,1,0,5,0,0
1255,0,0,0,16,0
1256,1,0,14,3,0
1257,0,0,0,1,0
1258,37,0,0,0,56
1259,4,1,6,2,0
1260,7,6,0,5,0
1261,18,5,28,0,0
1262,2,0,7,1,1
1263,0,2,0,1,0
1264,0,0,4,0,1
1265,0,0,0,0,11
1266,0,0,10,11,193
1267,0,1,0,12,0
1268,0,0,9,1,5
1269,1,0,0,4,3
1270,30,5,26,0,0
1271,0,54,0,0,45
1272,18,2,0,0,18
1273,4,14,0,5,0
1274,0,0,0,0,1
1275,0,0,0,5,27
1276,23,0,0,2,0
1277,0,4,90,0,0
1278,0,1,0,12,0
1279,12,13,15,0,0
1280,0,3,0,0,1
1281,2,0,0,0,27
1282,0,0,0,0,0
1283,0,0,0,1,0
1284,0,1,0,21,0
1285,0,26,31,0,0
1286,12,7,16,2,0
1287,0,14,1,1,0
1288,0,0,0,2,0
1289,0,0,0,0,0
1290,1,0,0,2,2
1291,0,34,0,0,0
1292,17,0,3,1,0
1293,0,44,0,0,0
1294,3,6,0,0,1
1295,0,0,1,0,2
1296,20,0,6,15,23
1297,1,0,0,3,0
1298,19,44,27,0,8
1299,0,7,9,2,10
1300,0,2,2,5,1
1301,3,0,2,0,0
1302,0,1,31,0,0
1303,20,0,0,6,0
1304,8,0,1,21,0
1305,2,0,0,0,6
1306,0,3,0,1,0
1307,0,1,1,14,0
1308,11,0,0,0,15
1309,13,4,0,0,0
1310,2,0,2,36,1
1311,0,0,0,0,0
1312,0,7,15,0,0
1313,17,1,0,6,0
1314,0,0,1,0,0
1315,3,0,35,1,1
1316,2,0,13,1,0
1317,0,7,8,0,41
1318,1,1,1,0,0
1319,1,139,0,0,1
1320,0,0,1,2,2
1321,3,0,5,16,1
1322,3,0,0,1,2
1323,0,1,0,0,0
1324,5,0,0,10,0
1325,3,8,2,2,1
1326,0,14,2,103,0
1327,19,1,1,0,1
1328,7,0,0,0,5
1329,0,0,4,0,0
1330,0,0,12,24,0
1331,15,0,0,0,8
1332,0,7,4,13,0
1333,0,20,1,44,24
1334,4,7,0,0,0
1335,14,0,1,0,0
1336,1,0,2,86,0
1337,0,0,21,0,22
1338,7,0,0,9,0
1339,0,0,1,3,0
1340,8,0,0,0,0
1341,25,0,0,0,6
1342,6,1,0,5,4
1343,0,0,1,0,1
1344,10,6,0,1,0
1345,8,0,0,0,15
1346,0,4,40,0,14
1347,2,0,1,0,0
1348,1,56,5,0,0
1349,2,8,0,4,0
1350,0,0,1,0,0
1351,1,0,23,21,0
1352,0,0,0,0,0
1353,0,0,16,0,0
1354,27,0,14,50,4
1355,0,0,0,1,1
1356,2,0,0,0,12
1357,0,0,2,1,0
1358,6,11,3,44,0
1359,3,1,67,51,1
1360,12,0,5,3,0
1361,0,7,2,0,0
1362,0,19,0,2,1
1363,1,0,1,10,0
1364,9,0,1,64,1
1365,0,4,0,0,0
1366,0,0,0,0,0
1367,0,6,2,11,6
1368,1,0,0,2,96
1369,3,0,0,0,0
1370,0,2,0,0,28
1371,2,0,0,5,0
1372,1,1,10,5,0
1373,1,0,0,23,0
1374,4,4,0,24,4
1375,5,11,0,6,4
1376,6,0,0,0,7
1377,0,0,20,0,1
1378,0,0,0,3,0
1379,2,109,0,3,0
1380,0,22,21,2,0
1381,0,0,5,40,0
1382,4,7,4,2,12
1383,5,4,17,0,2
1384,0,4,0,2,0
1385,6,0,0,2,0
1386,0,33,0,2,1
1387,5,0,11,3,0
1388,4,0,0,68,0
1389,0,13,1,0,11
1390,11,0,48,9,0
1391,0,0,0,0,41
1392,0,0,0,18,1
1393,0,5,0,7,7
1394,6,7,0,0,26
1395,0,6,0,2,3
1396,3,0,0,0,12
1397,50,0,1,0,0
1398,0,0,1,19,23
1399,0,0,0,2,3
1400,5,1,2,0,17
1401,1,2,0,3,5
1402,0,0,0,2,0
1403,0,0,0,15,2
1404,0,0,0,5,0
1405,0,2,0,0,9
1406,0,0,2,48,3
1407,0,0,0,58,0
1408,0,2,0,0,0
1409,4,1,0,0,0
1410,8,0,0,1,9
1411,0,4,0,0,8
1412,10,0,0,8,0
1413,5,1,0,0,0
1414,18,1,0,46,4
1415,0,0,0,1,14
1416,8,0,6,0,0
1417,1,5,16,0,56
1418,0,1,5,31,0
1419,2,0,1,0,24
1420,7,148,12,16,4
1421,15,0,1,2,3
1422,0,20,0,18,1
1423,6,0,0,0,0
1424,7,0,5,0,109
1425,0,6,0,1,2
1426,0,9,27,0,0
1427,0,0,3,0,0
1428,0,0,0,0,5
1429,0,29,43,0,0
1430,0,0,8,6,1
1431,6,8,0,0,0
1432,0,0,10,1,0
1433,67,0,10,0,0
1434,0,0,0,22,0
1435,11,0,3,1,10
1436,10,2,9,3,0
1437,1,2,0,0,0
1438,0,0,7,1,0
1439,0,0,0,0,1
1440,0,0,2,0,0
1441,6,1,1,0,0
1442,0,0,50,0,0
1443,66,0,0,0,6
1444,0,1,0,0,0
1445,0,18,13,0,80
1446,0,13,0,17,0
1447,0,0,0,2,0
1448,0,0,12,0,34
1449,2,0,2,0,0
1450,0,0,0,1,4
1451,0,0,0,4,4
1452,1,8,4,2,0
1453,17,0,0,1,5
1454,0,3,0,2,3
1455,0,0,39,30,0
1456,0,1,0,16,5
1457,0,1,0,6,2
1458,0,0,6,0,13
1459,0,3,0,2,0
1460,55,29,0,0,5
1461,0,0,0,4,0
1462,0,0,0,0,0
1463,0,27,0,0,0
1464,0,0,0,4,3
1465,34,36,1,0,0
1466,0,1,0,3,0
1467,3,0,2,1,1
1468,4,2,2,47,12
1469,0,13,6,0,0
1470,5,0,1,0,0
1471,5,0,0,0,9
1472,2,0,5,0,0
1473,1,0,0,67,12
1474,0,1,4,0,0
1475,0,0,57,1,0
1476,0,44,8,0,0
1477,5,12,93,33,8
1478,0,0,15,0,0
1479,20,1,7,41,0
1480,17,0,0,0,4
1481,0,0,1,0,52
1482,14,19,6,0,51
1483,2,0,11,0,1
1484,2,0,0,8,0
1485,0,0,8,0,0
1486,18,1,0,0,1
1487,4,0,0,0,0
1488,8,6,0,0,3
1489,81,0,0,0,0
1490,0,0,0,0,17
1491,0,8,0,0,10
1492,0,5,0,1,0
1493,0,17,59,2,7
1494,0,0,15,5,0
1495,0,0,0,0,6
1496,0,81,13,20,2
1497,0,0,0,14,0
1498,0,0,1,0,0
1499,0,0,13,0,0
1500,20,3,0,2,0
1501,9,0,2,3,0
1502,0,3,1,2,0
1503,0,0,0,3,0
1504,0,7,0,0,0
1505,0,0,0,0,0
1506,3,0,19,0,0
1507,2,0,0,4,0
1508,0,25,6,4,2
1509,0,1,0,0,0
1510,15,14,0,44,0
1511,0,0,0,2,0
1512,0,0,3,1,1
1513,8,0,0,5,29
1514,0,0,0,0,0
1515,1,0,12,0,1
1516,7,0,0,0,2
1517,0,0,0,0,21
1518,0,0,0,0,3
1519,2,15,0,0,0
1520,0,1,1,0,0
1521,3,8,3,0,0
1522,0,2,12,0,0
1523,3,0,9,5,2
1524,0,0,14,0,0
1525,1,4,4,0,0
1526,1,0,0,0,0
1527,1,0,0,3,0
1528,0,0,105,1,12
1529,0,0,0,1,0
1530,0,0,10,1,0
1531,14,1,3,0,0
1532,0,1,0,1,0
1533,11,0,0,1,11
1534,0,7,0,2,26
1535,10,0,1,0,0
1536,1,0,0,0,0
1537,3,0,6,36,0
1538,1,0,2,0,42
1539,0,0,0,0,69
1540,2,2,0,0,45
1541,8,1,7,1,3
1542,0,0,0,1,0
1543,0,1,24,6,38
1544,0,2,0,12,0
1545,0,0,2,31,6
1546,11,0,0,0,91
1547,0,0,15,0,3
1548,0,0,23,0,0
1549,0,10,1,0,0
1550,0,0,0,5,0
1551,0,0,1,5,0
1552,134,6,105,9,0
1553,1,0,4,0,2
1554,19,30,1,25,31
1555,0,5,1,13,5
1556,3,24,0,0,0
1557,0,5,5,2,0
1558,0,0,0,1,0
1559,0,5,0,0,2
1560,6,21,0,45,0
1561,16,0,0,271,0
1562,0,5,0,2,8
1563,15,0,0,30,1
1564,0,3,0,3,195
1565,5,0,0,0,0
1566,0,1,0,0,3
1567,0,37,13,0,0
1568,6,10,0,0,1
1569,1,0,0,2,0
1570,29,0,0,0,0
1571,0,83,7,0,9
1572,4,4,7,0,0
1573,0,0,0,4,7
1574,0,10,26,0,4
1575,10,2,2,0,0
1576,19,2,4,1,0
1577,0,0,1,0,8
1578,6,0,20,0,0
1579,34,43,14,2,0
1580,1,0,2,6,0
1581,0,0,5,4,0
1582,0,0,5,0,3
1583,16,0,0,13,2
1584,0,17,0,3,32
1585,1,17,6,11,0
1586,5,0,0,5,8
1587,0,1,0,7,0
1588,0,0,2,1,0
1589,1,0,0,1,11
1590,0,2,29,24,0
1591,0,0,3,1,0
1592,0,0,0,77,0
1593,1,0,0,0,5
1594,25,0,4,4,0
1595,22,0,0,2,19
1596,1,1,1,1,0
1597,1,53,1,37,0
1598,0,0,2,0,0
1599,7,3,0,6,0
1600,0,0,85,81,27
1601,2,4,0,0,0
1602,0,0,22,1,1
1603,0,2,1,0,0
1604,0,3,0,1,51
1605,29,0,0,0,15
1606,0,0,0,4,0
1607,1,0,1,0,0
1608,0,0,0,6,1
1609,14,0,15,8,2
1610,0,76,0,2,7
1611,0,64,0,6,0
1612,0,1,66,0,0
1613,31,0,1,0,0
1614,0,0,16,1,0
1615,0,0,3,1,0
1616,0,0,0,2,0
1617,0,20,15,0,0
1618,0,0,0,2,8
1619,15,0,0,0,0
1620,0,13,2,1,0
1621,0,0,1,13,0
1622,8,35,0,0,35
1623,0,1,49,1,0
1624,0,0,1,9,0
1625,35,0,0,0,2
1626,9,4,0,0,4
1627,1,13,0,0,0
1628,65,0,12,0,20
1629,0,0,10,62,0
1630,28,0,2,10,2
1631,0,0,0,0,0
1632,0,0,0,0,0
1633,1,0,22,0,8
1634,0,0,0,0,0
1635,16,0,6,6,4
1636,0,0,11,0,0
1637,0,0,0,0,0
1638,0,2,3,0,0
1639,5,3,0,0,4
1640,21,9,0,0,0
1641,0,0,0,0,16
1642,1,5,1,0,1
1643,7,9,31,0,2
1644,0,0,0,0,3
1645,5,0,19,1,1
1646,3,0,3,2,0
1647,0,0,0,0,17
1648,1,1,0,2,0
1649,0,2,1,0,0
1650,1,1,25,52,3
1651,9,0,1,0,0
1652,0,1,1,0,0
1653,0,0,0,0,0
1654,6,7,25,0,67
1655,0,15,0,234,0
1656,25,45,0,1,5
1657,0,0,0,1,1
1658,0,6,4,59,0
1659,0,32,0,0,5
1660,0,10,0,67,0
1661,0,2,0,30,1
1662,41,0,1,6,0
1663,20,1,53,6,110
1664,1,0,1,0,0
1665,1,0,0,0,0
1666,0,0,0,0,10
1667,0,0,493,50,2
1668,1,3,6,49,0
1669,0,0,0,0,2
1670,0,0,0,0,0
1671,10,0,0,44,3
1672,20,4,8,0,1
1673,1,1,1,0,9
1674,16,0,2,0,1
1675,0,0,0,4,13
1676,0,33,25,2,0
1677,0,0,0,0,0
1678,0,0,0,0,3
1679,0,1,54,6,48
1680,2,299,4,0,0
1681,0,1,2,2,4
1682,0,0,0,0,0
1683,21,48,8,9,0
1684,9,17,1,0,11
1685,1,1,0,0,0
1686,0,4,3,0,3
1687,2,15,3,0,0
1688,3,1,14,0,14
1689,0,0,0,2,1
1690,11,0,0,0,0
1691,3,0,27,4,25
1692,0,0,1,0,0
1693,0,13,0,0,2
1694,4,0,0,7,0
1695,4,20,11,0,0
1696,0,0,0,0,0
1697,12,0,0,3,0
1698,0,0,7,0,1
1699,0,3,1,2,0
1700,0,8,1,4,8
1701,1,0,17,0,0
1702,35,10,10,25,2
1703,12,0,0,0,0
1704,0,3,1,0,25
1705,0,6,0,0,0
1706,2,2,15,0,1
1707,0,0,2,1,11
1708,0,28,1,16,0
1709,3,0,0,0,0
1710,0,114,103,5,26
1711,0,0,17,0,0
1712,4,0,0,0,18
1713,4,0,0,2,4
1714,0,0,0,1,0
1715,0,2,1,1,0
1716,0,4,0,23,0
1717,0,5,0,89,1
1718,0,3,0,0,0
1719,0,5,0,0,3
1720,0,0,55,0,0
1721,4,3,1,0,1
1722,0,8,4,10,0
1723,13,9,11,124,0
1724,3,10,9,2,0
1725,54,3,3,0,4
1726,0,9,0,113,4
1727,0,17,12,0,0
1728,0,21,1,0,8
1729,0,21,0,11,1
1730,0,18,0,14,0
1731,0,5,0,1,0
1732,5,2,0,1,48
1733,0,1,0,5,22
1734,1,14,36,0,2
1735,1,1,0,3,1
1736,0,16,5,17,8
1737,0,0,0,0,0
1738,0,0,0,5,1
1739,0,1,0,0,0
1740,15,0,0,0,0
1741,12,0,0,15,0
1742,12,0,114,2,41
1743,0,2,3,13,0
1744,0,0,0,0,0
1745,0,0,1,0,0
1746,1,1,4,1,18
1747,0,48,0,1,0
1748,2,0,11,0,0
1749,0,0,0,3,0
1750,6,8,3,8,0
1751,0,0,0,0,38
1752,0,0,10,0,0
1753,0,0,11,0,0
1754,108,0,1,32,0
1755,2,11,0,5,5
1756,0,0,5,12,0
1757,0,0,0,0,5
1758,0,0,1,0,1
1759,0,1,0,7,9
1760,0,26,0,0,0
1761,35,15,6,20,0
1762,0,1,0,0,0
1763,0,0,0,10,6
1764,0,0,0,4,13
1765,0,0,0,1,15
1766,15,0,3,0,4
1767,4,10,0,0,22
1768,17,1,3,16,0
1769,0,1,18,4,24
1770,0,2,0,8,27
1771,1,0,1,2,3
1772,35,5,15,3,9
1773,0,0,0,34,2
1774,1,6,0,1,0
1775,14,0,0,1,1
1776,1,0,0,4,0
1777,0,0,8,1,0
1778,12,0,0,62,0
1779,0,0,0,55,0
1780,0,242,0,0,0
1781,0,18,0,10,8
1782,0,0,0,1,0
1783,7,2,0,1,0
1784,0,60,0,4,0
1785,2,0,0,3,0
1786,7,0,6,0,0
1787,1,81,3,4,0
1788,0,0,0,3,51
1789,8,0,0,10,0
1790,0,24,0,1,25
1791,1,0,0,0,0
1792,0,24,0,27,0
1793,1,0,33,10,0
1794,20,43,33,4,0
1795,1,18,17,0,0
1796,0,0,0,0,0
1797,6,0,22,0,0
1798,0,33,0,2,0
1799,0,0,13,6,14
1800,5,2,1,1,1
1801,0,1,0,0,1
1802,22,35,0,1,1
1803,0,134,0,2,0
1804,0,0,0,1,0
1805,0,94,25,0,15
1806,0,0,0,0,37
1807,1,0,187,27,2
1808,0,6,3,0,23
1809,0,7,0,1,0
1810,12,0,0,3,1
1811,0,1,0,0,2
1812,0,0,0,0,10
1813,16,0,0,0,61
1814,0,2,0,0,0
1815,21,5,32,0,15
1816,1,3,1,0,0
1817,18,0,6,26,0
1818,0,0,0,2,0
1819,0,10,11,0,0
1820,0,4,1,3,15
1821,0,0,1,0,0
1822,0,0,0,1,0
1823,0,0,0,2,0
1824,3,3,0,0,0
1825,0,8,2,1,42
1826,0,0,0,4,0
1827,3,5,8,0,0
1828,0,13,0,0,13
1829,0,0,8,81,3
1830,0,0,0,0,0
1831,0,0,0,43,1
1832,1,0,0,0,0
1833,0,0,9,16,0
1834,0,12,0,0,10
1835,0,0,6,6,19
1836,1,1,5,0,5
1837,6,0,0,0,36
1838,3,0,0,0,0
1839,4,1,2,8,4
1840,0,0,0,0,2
1841,0,0,0,0,0
1842,1,0,0,0,2
1843,0,0,12,1,0
1844,0,35,2,0,0
1845,3,0,1,0,4
1846,1,15,0,7,0
1847,27,0,0,0,0
1848,0,0,0,0,0
1849,0,4,2,8,0
1850,0,2,0,22,2
1851,5,0,0,0,2
1852,6,2,47,2,24
1853,0,0,45,0,1
1854,1,0,0,0,0
1855,1,0,0,13,2
1856,0,0,2,0,3
1857,0,4,0,1,59
1858,0,0,0,0,0
1859,1,0,20,0,0
1860,2,22,0,25,2
1861,47,2,6,0,2
1862,0,0,0,38,0
1863,0,0,31,0,0
1864,28,9,0,2,15
1865,0,0,4,35,0
1866,7,0,0,16,1
1867,0,0,0,1,0
1868,1,0,3,21,0
1869,4,0,1,3,0
1870,0,0,0,0,0
1871,0,0,0,0,0
1872,44,0,0,0,0
1873,1,186,0,0,0
1874,5,0,6,3,0
1875,0,0,0,23,0
1876,0,23,17,0,0
1877,0,3,0,0,0
1878,18,8,0,2,0
1879,0,10,59,0,2
1880,3,0,5,0,0
1881,0,7,0,0,0
1882,0,0,0,9,0
1883,0,0,0,29,7
1884,0,0,0,0,0
1885,0,0,0,39,0
1886,0,0,0,0,0
1887,12,0,0,0,0
1888,0,0,50,73,0
1889,22,0,14,0,4
1890,0,0,0,0,43
1891,0,0,9,0,0
1892,0,3,0,3,0
1893,0,1,0,0,0
1894,0,0,0,17,15
1895,26,2,2,0,0
1896,11,0,0,7,8
1897,37,10,12,6,0
1898,0,7,36,7,0
1899,0,66,16,0,61
1900,4,12,85,4,6
1901,5,6,61,0,4
1902,0,0,0,11,0
1903,0,4,0,0,0
1904,0,17,13,1,0
1905,77,0,0,0,0
1906,0,0,0,25,11
1907,0,0,1,7,0
1908,0,0,0,2,0
1909,1,0,16,0,0
1910,0,0,3,2,3
1911,0,34,5,0,9
1912,7,0,0,0,1
1913,1,0,54,0,1
1914,7,0,0,0,0
1915,0,0,6,0,3
1916,0,3,0,0,3
1917,0,0,1,0,7
1918,0,0,0,2,1
1919,0,139,6,0,42
1920,1,34,0,0,1
1921,0,0,3,1,0
1922,1,5,0,1,4
1923,0,50,40,15,76
1924,0,0,8,0,1
1925,1,21,0,0,0
1926,0,0,8,0,18
1927,19,4,26,0,0
1928,17,7,24,2,2
1929,0,0,0,0,0
1930,0,0,0,0,5
1931,0,0,1,0,0
1932,0,0,0,22,0
1933,3,0,0,1,1
1934,0,0,121,59,4
1935,0,1,0,57,1
1936,4,0,0,0,0
1937,0,16,0,0,29
1938,15,8,0,3,24
1939,0,0,0,2,2
1940,0,0,1,15,8
1941,3,1,2,0,0
1942,3,18,0,0,1
1943,2,0,0,6,18
1944,0,1,0,1,5
1945,13,0,6,0,15
1946,117,0,33,5,4
1947,6,1,3,0,0
1948,0,8,0,4,0
1949,5,0,1,0,0
1950,54,1,2,0,2
1951,0,0,0,0,0
1952,0,0,0,0,0
1953,0,1,6,0,0
1954,12,7,6,0,0
1955,0,1,7,1,0
1956,0,0,21,4,12
1957,0,0,0,0,0
1958,0,4,0,6,2
1959,4,10,1,0,22
1960,10,4,14,0,0
1961,0,0,0,0,2
1962,0,0,5,0,0
1963,77,0,0,1,7
1964,1,0,0,0,23
1965,0,1,1,0,1
1966,58,0,0,71,46
1967,0,6,32,1,0
1968,41,0,58,4,0
1969,2,0,0,0,0
1970,3,5,0,0,1
1971,0,0,40,0,4
1972,0,0,0,3,0
1973,4,0,0,0,0
1974,0,0,12,0,0
1975,0,0,0,0,10
1976,0,4,0,0,0
1977,0,2,0,1,2
1978,0,4,6,15,0
1979,3,0,6,0,2
1980,0,0,11,0,0
1981,0,0,0,0,0
1982,8,72,5,19,26
1983,0,14,0,0,0
1984,0,0,0,14,0
1985,14,0,6,0,0
1986,31,4,0,0,136
1987,0,9,1,0,0
1988,3,0,29,5,0
1989,0,59,0,55,13
1990,4,0,0,1,2
1991,6,0,0,0,4
1992,0,1,0,1,10
1993,6,14,17,0,89
1994,0,4,1,0,14
1995,4,0,0,0,4
1996,0,0,12,0,0
1997,0,1,0,0,0
1998,1,4,0,144,26
1999,40,1,0,13,7
2000,0,7,2,4,0
2001,0,0,0,0,0
2002,2,9,0,0,8
2003,0,1,0,0,0
2004,4,4,0,22,13
2005,2,0,1,3,0
2006,3,0,0,0,0
2007,7,0,0,0,2
2008,0,1,19,44,8
2009,0,1,0,0,2
2010,0,0,0,0,0
2011,0,0,3,0,0
2012,0,25,0,0,0
2013,2,0,1,3,1
2014,0,1,14,0,0
2015,37,6,0,0,4
2016,16,28,0,0,0
2017,6,0,0,14,0
2018,5,7,0,0,0
2019,0,1,2,0,0
2020,12,0,2,0,0
2021,32,1,1,0,0
2022,0,1,0,0,1
2023,0,0,72,2,2
2024,0,0,4,0,0
2025,0,4,0,0,2
2026,0,0,0,0,0
2027,2,0,0,0,35
2028,10,0,4,1,0
2029,0,0,0,1,1
2030,3,5,3,0,0
2031,1,6,1,9,0
2032,0,6,2,18,5
2033,55,3,0,0,0
2034,0,37,12,1,0
2035,3,0,0,0,2
2036,11,0,0,0,0
2037,0,14,0,1,2
2038,0,0,0,0,0
2039,25,4,19,8,1
2040,21,0,0,0,26
2041,0,0,0,0,1
2042,0,18,2,119,12
2043,14,3,10,2,0
2044,0,13,0,0,1
2045,7,0,8,1,0
2046,3,1,1,15,1
2047,52,3,0,0,1
2048,2,6,26,0,2
2049,0,0,1,31,6
2050,23,0,1,29,2
2051,0,0,3,61,0
2052,12,32,1,2,6
2053,0,3,0,0,0
2054,0,16,0,0,20
2055,6,2,2,0,0
2056,59,0,2,0,1
2057,2,4,135,0,0
2058,0,6,2,0,0
2059,0,5,0,1,4
2060,6,13,0,5,0
2061,0,0,0,1,0
2062,0,1,0,8,7
2063,0,0,0,0,9
2064,0,43,75,32,16
2065,0,0,0,7,3
2066,0,0,0,2,2
2067,0,0,15,0,2
2068,19,0,3,0,3
2069,7,22,11,11,0
2070,9,0,0,0,0
2071,1,0,0,1,1
2072,0,1,0,0,0
2073,3,4,0,9,0
2074,0,0,0,0,0
2075,40,0,14,16,8
2076,1,0,0,0,1
2077,0,6,2,0,0
2078,6,0,23,1,0
2079,0,0,15,0,0
2080,0,0,0,0,12
2081,7,0,0,1,0
2082,0,0,24,0,1
2083,0,0,0,2,0
2084,0,30,0,0,1
2085,1,18,0,1,0
2086,1,0,0,2,0
2087,19,8,3,0,0
2088,13,0,4,0,0
2089,1,0,0,0,0
2090,2,5,1,0,64
2091,5,0,0,1,1
2092,2,0,0,0,0
2093,0,0,0,0,1
2094,17,6,0,1,0
2095,1,0,0,2,2
2096,23,64,94,0,22
2097,1,6,0,0,0
2098,0,16,0,0,0
2099,2,0,2,0,43
2100,19,2,2,0,0
2101,0,31,0,84,0
2102,0,0,38,0,0
2103,1,2,0,0,0
2104,15,164,0,1,0
2105,0,0,0,29,0
2106,34,2,0,20,4
2107,97,35,12,18,0
2108,34,10,0,0,0
2109,0,0,0,0,0
2110,16,0,0,0,24
2111,9,4,0,0,25
2112,4,0,0,0,0
2113,8,0,11,1,21
2114,0,2,0,0,0
2115,6,1,1,5,0
2116,0,0,0,8,4
2117,0,3,3,0,0
2118,0,0,0,0,0
2119,0,3,0,0,0
2120,0,0,0,45,1
2121,0,0,0,47,20
2122,42,70,0,1,8
2123,0,15,19,8,0
2124,8,0,0,18,0
2125,0,4,0,0,12
2126,0,6,1,0,0
2127,0,0,2,2,2
2128,7,6,0,0,0
2129,1,8,0,9,0
2130,0,12,5,0,0
2131,0,0,4,2,15
2132,0,6,0,0,5
2133,8,0,0,0,0
2134,4,3,0,2,3
2135,2,19,1,0,0
2136,0,0,14,0,0
2137,13,2,37,1,8
2138,10,2,1,17,0
2139,0,69,3,62,0
2140,0,0,0,0,3
2141,0,0,6,0,0
2142,0,19,184,5,1
2143,1,68,0,3,3
2144,0,1,1,0,0
2145,0,22,1,0,33
2146,0,17,0,11,1
2147,0,0,0,6,15
2148,0,0,0,0,0
2149,0,0,19,8,2
2150,0,1,0,0,0
2151,4,3,1,6,0
2152,8,3,0,5,0
2153,2,0,0,128,10
2154,0,0,40,0,0
2155,0,0,0,1,29
2156,5,12,0,0,33
2157,2,0,1,3,0
2158,0,1,29,0,3
2159,0,64,0,3,23
2160,6,141,0,0,0
2161,0,0,60,2,3
2162,30,2,63,33,0
2163,0,0,0,0,2
2164,0,3,7,5,0
2165,22,9,1,0,0
2166,0,2,0,0,38
2167,0,0,29,0,20
2168,36,1,0,1,0
2169,15,0,0,51,42
2170,2,3,5,0,0
2171,0,1,0,25,0
2172,4,79,0,55,0
2173,26,2,0,66,2
2174,0,0,4,0,1
2175,17,56,0,0,4
2176,0,0,0,0,1
2177,0,0,1,0,19
2178,18,0,0,19,18
2179,1,0,0,19,0
2180,4,1,0,0,0
2181,0,0,4,0,0
2182,0,4,0,2,8
2183,19,38,1,3,0
2184,2,9,10,0,0
2185,1,0,0,1,0
2186,0,0,3,1,1
2187,6,1,0,0,51
2188,0,10,0,0,49
2189,0,26,4,1,0
2190,5,0,5,0,0
2191,1,0,0,1,3
2192,7,1,3,1,16
2193,0,5,127,160,0
2194,2,0,0,0,1
2195,2,4,5,1,0
2196,0,0,0,3,0
2197,20,0,0,90,0
2198,0,0,0,46,0
2199,0,0,0,4,0
2200,144,0,15,3,38
2201,2,5,0,0,0
2202,0,0,2,0,2
2203,0,0,36,1,0
2204,0,5,70,8,0
2205,0,0,4,0,0
2206,1,1,0,1,0
2207,2,0,0,0,7
2208,5,0,9,3,0
2209,41,0,0,10,1
2210,0,2,0,6,28
2211,2,35,0,0,0
2212,1,1,0,3,0
2213,0,0,0,0,0
2214,0,1,0,0,1
2215,0,2,0,0,0
2216,1,0,4,7,0
2217,0,25,40,34,0
2218,74,1,4,1,0
2219,0,0,33,0,0
2220,8,19,0,0,5
2221,3,0,0,0,0
2222,0,1,1,1,2
2223,0,0,8,11,0
2224,1,0,2,5,0
2225,4,0,0,25,0
2226,0,5,4,24,7
2227,0,8,0,0,9
2228,15,0,10,1,2
2229,1,1,0,23,1
2230,1,0,0,0,130
2231,9,0,1,5,0
2232,0,1,0,0,0
2233,0,3,4,1,0
2234,3,0,6,0,0
2235,0,11,0,0,0
2236,0,0,21,29,10
2237,0,0,0,6,61
2238,4,16,0,20,1
2239,26,0,0,1,3
2240,0,0,0,3,2
2241,18,0,0,14,4
2242,0,0,7,9,5
2243,13,0,1,0,0
2244,0,1,0,5,0
2245,0,0,23,0,0
2246,0,0,1,4,6
2247,0,5,24,2,0
2248,0,4,8,17,21
2249,6,0,8,0,15
2250,0,44,1,0,2
2251,1,0,4,0,0
2252,0,1,2,26,2
2253,71,0,0,0,0
2254,0,0,0,1,10
2255,0,0,0,3,2
2256,3,0,0,1,1
2257,2,0,0,0,3
2258,0,19,0,0,0
2259,0,0,0,0,0
2260,0,30,0,0,4
2261,0,0,0,0,19
2262,1,2,0,0,0
2263,1,1,9,0,0
2264,0,0,0,20,1
2265,0,0,33,0,0
2266,0,11,0,21,4
2267,3,2,0,0,1
2268,0,102,5,0,11
2269,14,0,0,0,0
2270,0,0,0,0,0
2271,0,0,0,0,3
2272,0,0,0,1,0
2273,0,4,5,1,0
2274,8,1,0,1,4
2275,0,0,0,0,43
2276,0,0,2,0,0
2277,0,0,1,1,0
2278,30,45,54,0,20
2279,5,0,5,0,0
2280,1,1,13,0,47
2281,0,6,0,0,0
2282,0,3,0,1,0
2283,0,0,0,1,0
2284,29,1,0,0,0
2285,5,0,0,1,2
2286,6,0,10,0,10
2287,0,0,23,4,4
2288,25,0,0,20,10
2289,8,0,0,71,2
2290,0,3,5,10,9
2291,36,4,55,22,45
2292,0,6,27,5,0
2293,1,0,1,0,0
2294,0,1,5,0,13
2295,4,0,0,1,0
2296,0,6,3,4,3
2297,0,1,0,0,0
2298,0,0,0,35,1
2299,52,1,0,0,0
2300,0,30,2,2,4
2301,0,6,0,0,7
2302,27,0,0,0,0
2303,0,0,0,0,7
2304,0,0,27,0,4
2305,0,0,0,36,7
2306,0,0,0,0,0
2307,1,10,0,0,0
2308,46,10,32,0,0
2309,8,14,0,15,0
2310,0,0,1,0,1
2311,9,14,71,291,27
2312,0,0,10,0,0
2313,6,0,0,1,0
2314,0,0,5,15,0
2315,55,3,44,0,0
2316,0,2,0,0,0
2317,0,0,0,2,11
2318,3,1,1,2,0
2319,2,0,0,2,2
2320,7,1,0,0,21
2321,0,0,0,0,14
2322,1,0,0,6,0
2323,16,0,0,0,41
2324,67,1,0,12,48
2325,0,0,0,1,12
2326,0,0,9,0,0
2327,0,3,0,12,2
2328,1,0,0,0,0
2329,12,1,0,0,0
2330,1,33,26,2,4
2331,0,0,0,5,4
2332,0,2,0,6,0
2333,18,14,0,12,0
2334,0,2,1,17,1
2335,10,15,0,12,20
2336,6,12,2,1,0
2337,0,0,1,0,0
2338,60,0,3,5,0
2339,0,7,0,0,0
2340,3,0,0,0,0
2341,35,1,0,0,0
2342,2,0,4,1,6
2343,1,15,0,0,15
2344,5,0,0,0,8
2345,9,7,55,5,67
2346,21,0,0,0,14
2347,0,0,2,3,18
2348,4,0,4,0,0
2349,1,0,0,0,0
2350,0,7,2,2,0
2351,1,2,6,0,0
2352,0,0,0,3,11
2353,3,5,0,1,46
2354,37,10,0,0,0
2355,0,0,0,3,7
2356,2,7,0,0,13
2357,24,0,0,0,4
2358,7,0,0,13,1
2359,0,0,0,0,11
2360,3,23,4,0,1
2361,0,3,6,21,0
2362,0,0,0,0,59
2363,15,0,27,12,0
2364,0,0,0,5,0
2365,0,1,0,0,1
2366,11,5,2,0,0
2367,4,0,0,0,0
2368,0,1,7,0,2
2369,2,0,0,1,8
2370,0,0,4,0,0
2371,0,0,3,24,0
2372,0,0,0,4,0
2373,5,2,1,0,0
2374,0,1,0,0,0
2375,0,0,0,1,0
2376,0,0,3,2,2
2377,1,0,0,0,11
2378,11,0,1,1,0
2379,0,0,1,10,0
2380,0,1,0,28,4
2381,0,0,0,0,4
2382,7,10,1,0,0
2383,1,0,0,2,0
2384,0,2,0,2,14
2385,0,7,2,0,8
2386,0,5,0,0,2
2387,1,0,7,13,0
2388,0,0,4,2,56
2389,0,0,6,0,0
2390,0,0,0,0,0
2391,1,0,0,0,0
2392,0,0,5,0,0
2393,0,3,0,0,9
2394,0,0,0,3,0
2395,0,0,2,0,2
2396,151,12,0,9,1
2397,0,0,4,0,0
2398,3,0,30,0,0
2399,33,0,0,1,0
2400,6,3,5,9,4
2401,13,16,0,9,28
2402,0,0,0,1,3
2403,22,0,48,0,0
2404,0,1,6,0,0
2405,11,3,0,3,13
2406,0,0,0,9,6
2407,0,64,18,225,13
2408,0,0,0,0,1
2409,0,0,1,141,16
2410,0,0,0,0,2
2411,0,0,0,3,9
2412,33,0,26,0,0
2413,13,15,0,1,1
2414,2,0,0,0,7
2415,0,23,56,0,0
2416,0,0,3,1,105
2417,0,8,0,0,0
2418,0,1,0,8,0
2419,2,7,2,33,10
2420,0,1,0,0,0
2421,0,1,0,5,0
2422,0,0,0,5,10
2423,4,24,34,30,0
2424,3,0,0,0,9
2425,21,20,0,2,9
2426,0,0,89,3,0
2427,1,0,1,20,12
2428,53,6,3,0,0
2429,0,0,2,1,1
2430,0,0,6,0,0
2431,30,9,2,5,5
2432,2,4,7,23,0
2433,1,0,0,0,0
2434,0,20,0,0,1
2435,7,0,0,0,1
2436,0,2,0,0,0
2437,0,0,7,0,4
2438,4,0,0,0,0
2439,4,1,0,86,2
2440,0,0,2,7,12
2441,0,0,0,3,0
2442,0,13,0,0,0
2443,13,0,0,6,74
2444,1,0,3,1,1
2445,1,34,15,0,0
2446,0,13,0,0,1
2447,0,5,26,1,7
2448,0,0,5,0,0
2449,0,13,4,68,0
2450,0,0,8,0,0
2451,0,0,0,11,19
2452,0,0,0,0,0
2453,13,41,1,54,1
2454,0,0,23,0,0
2455,0,0,0,0,0
2456,5,0,11,5,4
2457,0,0,8,0,7
2458,9,0,0,14,13
2459,1,0,0,9,27
2460,24,0,2,0,6
2461,2,10,1,0,0
2462,0,0,1,0,0
2463,0,0,3,0,0
2464,3,0,2,5,0
2465,1,0,0,0,0
2466,0,1,0,2,0
2467,0,24,0,1,0
2468,72,27,14,75,4
2469,0,20,8,0,5
2470,29,18,1,14,0
2471,0,0,0,14,29
2472,1,0,0,0,0
2473,0,0,97,1,1
2474,0,0,0,0,76
2475,0,0,1,1,11
2476,2,84,9,4,2
2477,1,0,0,0,1
2478,0,38,0,30,0
2479,1,0,0,0,7
2480,74,0,2,3,0
2481,2,0,0,1,0
2482,0,0,1,0,1
2483,2,0,0,1,7
2484,10,1,1,0,0
2485,2,3,1,0,0
2486,0,0,6,0,11
2487,11,6,1,0,0
2488,0,0,2,0,49
2489,3,0,0,8,0
2490,1,23,2,0,2
2491,0,1,1,0,0
2492,0,0,0,7,0
2493,0,0,0,4,0
2494,0,0,0,5,9
2495,0,0,3,7,55
2496,0,5,43,0,5
2497,0,1,11,1,25
2498,19,19,588,2,0
2499,0,9,0,0,1
2500,0,0,0,0,0
2501,0,2,0,0,0
2502,1,0,0,1,0
2503,0,0,2,0,0
2504,0,0,0,0,2
2505,0,96,0,7,0
2506,62,0,23,1,0
2507,0,0,12,0,2
2508,0,0,4,6,0
2509,10,3,13,40,1
2510,0,4,0,0,0
2511,0,4,0,0,33
2512,0,13,0,4,0
2513,30,7,2,0,5
2514,5,0,16,0,7
2515,0,0,2,0,0
2516,0,0,0,0,0
2517,21,2,0,1,0
2518,0,47,12,0,0
2519,0,0,0,0,0
2520,0,0,3,0,0
2521,1,0,0,48,0
2522,3,0,3,0,1
2523,15,0,0,0,0
2524,0,0,1,0,3
2525,18,0,4,5,4
2526,65,0,40,0,0
2527,0,0,11,0,0
2528,0,20,0,17,0
2529,0,3,0,0,0
2530,5,0,14,0,80
2531,8,1,3,0,3
2532,0,0,3,1,0
2533,22,3,0,0,0
2534,0,2,5,0,3
2535,9,0,14,13,5
2536,1,1,12,0,3
2537,0,4,0,0,19
2538,28,7,0,111,1
2539,1,25,0,0,0
2540,2,0,0,5,2
2541,7,0,0,0,0
2542,0,0,0,5,0
2543,0,1,0,23,4
2544,2,0,9,0,6
2545,0,3,0,1,0
2546,0,0,1,0,9
2547,25,0,0,18,0
2548,0,6,0,68,3
2549,0,0,0,9,0
2550,0,1,1,0,0
2551,0,60,0,56,1
2552,40,0,0,3,4
2553,0,1,1,0,13
2554,1,0,35,0,0
2555,6,17,11,50,0
2556,0,26,2,143,74
2557,0,6,21,0,2
2558,1,3,5,0,0
2559,221,101,0,0,0
2560,1,0,2,105,15
2561,12,1,33,60,0
2562,4,13,0,0,0
2563,3,43,3,0,8
2564,0,5,18,5,10
2565,24,0,5,49,0
2566,19,9,0,31,0
2567,1,1,9,5,45
2568,52,16,1,2,3
2569,0,0,0,4,0
2570,50,0,2,4,0
2571,0,0,0,11,2
2572,0,7,0,2,0
2573,1,0,0,2,37
2574,10,2,0,0,2
2575,2,0,41,0,27
2576,55,0,0,38,0
2577,0,0,1,1,0
2578,3,0,0,0,0
2579,1,23,14,0,1
2580,5,0,18,95,0
2581,0,9,0,0,0
2582,0,5,12,1,0
2583,0,0,0,0,0
2584,1,1,0,1,7
2585,1,0,57,4,1
2586,3,0,2,0,9
2587,0,1,2,0,0
2588,0,0,0,2,0
2589,0,0,2,0,0
2590,0,0,19,3,0
2591,0,1,0,0,0
2592,0,102,13,0,0
2593,0,1,0,0,0
2594,0,13,17,0,4
2595,2,0,9,13,0
2596,0,1,1,0,0
2597,8,1,0,0,6
2598,0,2,16,2,0
2599,5,38,0,0,0
2600,0,3,0,0,6
2601,11,0,0,0,3
2602,0,0,6,6,3
2603,2,39,15,2,161
2604,0,0,0,0,0
2605,5,0,0,1,0
2606,0,0,7,0,5
2607,10,25,0,52,4
2608,0,2,0,0,27
2609,13,1,0,1,0
2610,0,0,1,77,4
2611,5,72,0,24,1
2612,0,0,9,0,1
2613,2,0,0,0,0
2614,1,0,0,12,4
2615,0,0,0,1,0
2616,0,0,8,23,1
2617,0,26,0,0,0
2618,0,0,0,0,0
2619,211,0,4,57,0
2620,0,2,0,0,8
2621,1,0,0,0,4
2622,5,0,1,0,0
2623,2,20,0,9,6
2624,0,4,1,0,1
2625,4,0,5,0,0
2626,0,0,30,0,0
2627,2,1,0,3,10
2628,0,0,7,0,0
2629,0,0,0,9,0
2630,0,6,0,47,3
2631,0,0,0,30,60
2632,17,1,2,0,0
2633,0,0,0,2,0
2634,18,0,0,1,0
2635,1,0,7,13,0
2636,2,4,3,0,8
2637,0,48,0,2,3
2638,0,0,0,0,0
2639,2,0,1,0,9
2640,0,34,6,0,2
2641,0,14,10,0,26
2642,0,4,0,6,1
2643,1,1,24,0,2
2644,19,0,0,1,0
2645,0,1,21,1,8
2646,0,5,0,0,8
2647,26,0,3,4,10
2648,6,0,9,0,5
2649,8,26,0,0,0
2650,0,6,7,0,0
2651,0,0,65,1,0
2652,6,50,7,0,3
2653,0,3,1,15,1
2654,0,1,0,0,0
2655,0,1,0,1,3
2656,1,113,0,0,2
2657,1,3,18,4,0
2658,0,0,1,0,0
2659,0,21,0,0,33
2660,0,10,0,0,1
2661,8,0,1,1,6
2662,1,0,8,1,0
2663,1,8,2,0,0
2664,0,0,7,0,2
2665,5,4,1,2,1
2666,42,9,0,1,0
2667,0,1,1,0,0
2668,0,2,0,0,0
2669,16,29,7,0,0
2670,0,0,0,0,0
2671,0,0,32,0,1
2672,26,12,33,2,12
2673,137,0,0,0,0
2674,2,0,1,1,0
2675,0,0,0,0,0
2676,0,2,0,1,0
2677,0,4,0,0,0
2678,1,3,0,0,60
2679,10,2,0,0,1
2680,1,3,0,0,185
2681,19,4,0,0,0
2682,133,0,1,2,91
2683,7,0,5,0,0
2684,0,0,14,0,14
2685,1,0,5,0,8
2686,0,0,0,0,34
2687,27,71,0,31,5
2688,0,0,5,1,8
2689,34,0,1,0,0
2690,1,63,2,7,0
2691,0,0,19,0,1
2692,3,0,0,0,0
2693,0,0,26,0,0
2694,0,12,0,0,0
2695,0,29,1,0,0
2696,1,10,0,0,0
2697,35,0,74,0,4
2698,2,0,0,0,51
2699,0,0,0,0,0
2700,14,16,0,0,1
2701,0,0,28,123,0
2702,2,1,8,1,0
2703,9,2,0,0,0
2704,22,0,40,0,2
2705,0,2,0,2,56
2706,25,0,25,0,1
2707,0,0,0,0,0
2708,0,0,0,0,0
2709,0,1,4,0,3
2710,0,7,0,5,0
2711,112,24,0,0,85
2712,0,47,7,67,0
2713,3,5,0,0,62
2714,4,11,13,17,11
2715,75,0,5,0,0
2716,0,4,0,1,0
2717,1,0,0,4,0
2718,6,0,0,6,29
2719,0,5,18,1,0
2720,21,0,43,1,1
2721,3,0,1,0,0
2722,0,0,17,0,2
2723,7,0,0,0,0
2724,0,0,0,0,3
2725,1,130,24,20,0
2726,0,2,38,0,0
2727,0,0,1,0,0
2728,0,0,0,0,3
2729,0,0,0,1,8
2730,26,7,0,0,13
2731,1,0,10,0,3
2732,3,3,0,8,1
2733,0,1,2,0,0
2734,4,7,0,0,0
2735,12,0,0,2,2
2736,0,0,50,4,0
2737,0,4,0,0,6
2738,0,0,0,0,0
2739,58,3,0,1,0
2740,0,0,0,9,1
2741,1,1,3,0,113
2742,0,0,0,0,1
2743,0,0,0,0,0
2744,15,0,0,10,0
2745,13,6,0,0,0
2746,24,0,0,1,1
2747,0,45,17,7,0
2748,0,0,0,0,0
2749,0,0,0,0,5
2750,9,2,7,51,0
2751,0,0,7,1,1
2752,0,2,0,12,0
2753,0,0,0,1,0
2754,0,6,4,0,13
2755,0,0,1,0,0
2756,2,0,0,0,22
2757,10,0,1,0,3
2758,22,0,3,0,0
2759,14,0,0,0,1
2760,0,15,2,0,1
2761,20,0,0,0,4
2762,0,15,0,4,0
2763,0,0,0,0,0
2764,0,4,0,0,1
2765,0,0,16,0,22
2766,0,0,0,0,2
2767,0,1,0,0,0
2768,162,0,31,1,9
2769,0,0,3,7,20
2770,0,1,4,0,2
2771,2,3,24,0,5
2772,13,1,1,0,5
2773,0,0,0,0,0
2774,0,15,0,0,0
2775,1,0,1,11,0
2776,0,0,1,0,0
2777,0,0,0,1,0
2778,0,0,0,24,1
2779,65,0,1,0,48
2780,0,2,0,0,4
2781,0,26,2,0,0
2782,4,0,0,0,0
2783,2,15,0,1,11
2784,0,0,0,2,2
2785,23,51,2,15,0
2786,0,0,13,9,4
2787,0,0,1,0,0
2788,1,0,12,0,22
2789,0,1,0,181,0
2790,1,1,0,0,52
2791,16,40,0,0,0
2792,0,0,9,12,1
2793,0,0,0,0,20
2794,2,0,0,58,2
2795,11,1,1,0,0
2796,12,68,6,91,29
2797,7,0,0,0,1
2798,4,3,7,0,0
2799,0,0,0,18,0
2800,3,0,5,0,0
2801,1,0,0,0,0
2802,0,0,17,3,1
2803,0,0,0,10,68
2804,45,0,0,0,6
2805,0,1,0,0,1
2806,0,0,0,7,15
2807,7,0,0,0,13
2808,0,0,5,0,0
2809,4,0,0,0,1
2810,0,4,0,5,1
2811,0,0,2,0,0
2812,0,25,1,0,1
2813,0,0,7,0,0
2814,13,1,89,3,0
2815,0,0,0,1,0
2816,47,6,0,2,0
2817,0,5,36,2,0
2818,0,17,7,27,0
2819,1,0,0,9,4
2820,0,0,16,78,13
2821,0,0,0,0,2
2822,18,0,51,0,0
2823,0,2,13,0,52
2824,7,0,1,0,0
2825,5,0,5,0,1
2826,16,90,0,4,12
2827,0,0,0,0,1
2828,0,0,0,15,0
2829,3,1,0,7,0
2830,9,0,1,12,2
2831,3,0,0,0,1
2832,0,49,10,1,0
2833,2,1,16,20,0
2834,0,49,11,0,0
2835,0,2,0,0,0
2836,25,0,7,3,37
2837,0,1,1,0,9
2838,0,0,0,0,5
2839,5,4,0,14,0
2840,0,2,6,1,50
2841,1,1,0,0,0
2842,0,0,0,0,9
2843,203,2,0,0,0
2844,0,0,0,0,0
2845,1,0,16,0,8
2846,0,1,4,0,0
2847,0,1,4,1,0
2848,0,13,0,15,4
2849,0,0,1,0,0
2850,0,0,20,10,76
2851,0,5,0,6,0
2852,0,0,0,1,0
2853,0,0,1,0,0
2854,0,4,1,0,0
2855,0,0,0,0,1
2856,0,11,0,9,9
2857,0,0,8,0,0
2858,3,0,10,2,10
2859,1,0,6,0,1
2860,0,6,0,10,0
2861,0,5,1,0,1
2862,15,2,0,2,0
2863,0,8,0,0,50
2864,1,26,0,0,21
2865,3,2,12,0,0
2866,0,0,2,0,0
2867,2,51,0,0,21
2868,0,0,0,1,10
2869,0,0,0,8,28
2870,0,1,0,0,0
2871,0,0,44,0,4
2872,19,0,1,0,11
2873,2,0,1,0,4
2874,9,1,3,0,32
2875,0,0,31,1,0
2876,2,79,0,2,0
2877,2,0,0,6,0
2878,0,11,0,78,0
2879,0,0,0,2,2
2880,0,1,0,1,39
2881,70,0,5,0,7
2882,0,2,8,5,0
2883,12,26,0,0,0
2884,10,0,0,0,11
2885,0,1,40,0,0
2886,0,0,2,56,0
2887,0,10,0,0,4
2888,7,16,35,47,0
2889,0,42,0,0,0
2890,6,1,0,0,0
2891,0,0,3,18,11
2892,12,0,0,0,0
2893,12,0,2,0,0
2894,0,0,0,0,3
2895,29,0,0,0,2
2896,0,39,81,5,0
2897,0,0,0,1,13
2898,0,33,0,73,24
2899,42,0,0,148,11
2900,6,8,4,0,1
2901,0,6,0,0,0
2902,5,0,4,5,9
2903,51,0,0,0,0
2904,3,24,5,0,8
2905,0,2,25,0,12
2906,1,1,0,0,7
2907,19,14,0,0,1
2908,0,0,0,0,0
2909,5,29,0,7,0
2910,0,1,5,3,6
2911,5,9,0,1,11
2912,8,0,2,1,0
2913,0,0,0,0,2
2914,0,17,0,0,51
2915,6,3,0,0,6
2916,20,0,3,0,0
2917,8,0,7,1,2
2918,0,0,3,0,2
2919,0,0,5,0,0
2920,1,12,0,0,2
2921,0,0,1,1,6
2922,13,0,5,0,0
2923,0,0,0,0,11
2924,0,2,0,33,0
2925,0,0,17,16,0
2926,4,1,2,6,0
2927,27,34,0,0,0
2928,46,44,8,0,0
2929,2,0,32,23,1
2930,1,0,0,1,25
2931,7,120,0,75,0
2932,3,0,0,39,19
2933,7,0,0,7,0
2934,9,0,0,0,0
2935,0,0,6,10,0
2936,3,10,0,0,1
2937,1,0,0,0,2
2938,0,3,9,0,18
2939,0,0,0,0,28
2940,21,7,0,0,1
2941,2,0,44,2,0
2942,0,0,2,0,25
2943,0,1,0,27,0
2944,0,0,2,1,0
2945,21,13,1,2,0
2946,70,26,2,1,9
2947,1,0,13,2,1
2948,13,0,0,2,0
2949,5,9,2,0,26
2950,0,0,4,10,0
2951,8,0,1,2,0
2952,0,1,2,0,0
2953,1,10,12,46,5
2954,1,0,81,64,0
2955,9,0,0,1,0
2956,7,3,10,0,106
2957,1,1,0,0,0
2958,0,0,2,8,0
2959,0,13,0,0,0
2960,22,157,12,0,0
2961,0,0,2,2,0
2962,0,4,0,0,0
2963,0,0,0,15,0
2964,0,0,0,0,0
2965,7,0,0,0,0
2966,0,4,0,0,0
2967,0,2,3,0,3
2968,0,6,23,1,0
2969,0,9,0,20,3
2970,2,6,0,14,1
2971,1,0,0,0,0
2972,1,0,1,13,3
2973,0,0,0,0,0
2974,0,0,0,5,1
2975,0,3,0,0,7
2976,0,0,0,0,14
2977,0,0,9,14,0
2978,13,1,56,0,0
2979,0,34,0,0,1
2980,0,7,0,10,5
2981,0,0,0,3,36
2982,2,0,0,0,0
2983,5,0,5,0,9
2984,0,17,0,0,24
2985,21,0,0,0,0
2986,0,0,0,3,1
2987,0,0,58,4,6
2988,0,1,2,22,6
2989,4,0,40,12,0
2990,6,0,3,5,0
2991,0,19,0,0,1
2992,4,19,3,0,1
2993,0,0,3,0,0
2994,1,1,3,2,0
2995,3,38,0,30,0
2996,0,0,0,0,12
2997,0,1,5,0,0
2998,0,16,3,0,1
2999,0,5,0,14,0
3000,1,0,5,0,3
3001,10,0,0,0,8
3002,0,10,0,0,5
3003,4,24,3,14,0
3004,5,0,61,0,7
3005,0,6,81,141,1
3006,3,1,0,0,0
3007,40,61,0,0,0
3008,0,0,0,0,6
3009,0,0,1,0,4
3010,1,0,0,0,0
3011,0,0,2,1,0
3012,18,17,6,0,0
3013,0,11,4,0,0
3014,2,45,0,2,3
3015,13,16,27,0,20
3016,18,0,1,39,0
3017,0,3,0,0,20
3018,1,0,8,0,61
3019,0,2,0,0,55
3020,3,60,2,0,6
3021,78,4,0,0,0
3022,1,2,0,0,0
3023,11,0,0,0,0
3024,0,0,0,0,99
3025,0,0,0,3,1
3026,0,1,2,0,5
3027,0,0,0,2,2
3028,0,0,0,0,1
3029,13,0,0,1,10
3030,0,1,3,42,2
3031,0,0,0,0,0
3032,2,0,8,0,0
3033,0,0,0,2,3
3034,1,6,13,0,35
3035,0,0,0,6,0
3036,23,4,5,0,0
3037,10,0,0,4,0
3038,7,0,1,6,83
3039,0,11,1,0,38
3040,0,1,0,0,10
3041,16,238,0,79,0
3042,18,0,3,0,1
3043,6,114,5,7,0
3044,6,0,24,3,9
3045,0,13,0,0,21
3046,0,0,0,2,3
3047,0,0,0,9,0
3048,0,21,1,0,11
3049,0,0,2,0,0
3050,3,5,0,0,0
3051,11,28,0,0,0
3052,0,1,0,2,0
3053,5,0,7,0,1
3054,0,0,0,0,37
3055,0,8,4,3,0
3056,7,0,0,8,0
3057,0,0,42,0,0
3058,2,0,0,0,0
3059,0,0,2,15,0
3060,1,3,0,0,0
3061,4,2,27,34,0
3062,3,55,0,4,0
3063,22,0,0,4,0
3064,0,4,4,2,32
3065,13,0,6,18,8
3066,0,20,0,30,0
3067,5,0,0,0,1
3068,12,1,173,0,0
3069,0,0,1,50,115
3070,0,7,10,0,0
3071,116,4,0,0,0
3072,0,17,0,8,9
3073,1,14,0,1,22
3074,27,15,0,6,7
3075,0,0,6,0,0
3076,4,0,26,0,0
3077,0,0,3,1,0
3078,0,4,0,59,65
3079,0,0,8,0,0
3080,17,0,0,0,0
3081,0,45,31,0,4
3082,8,0,8,3,0
3083,4,12,7,0,0
3084,2,0,5,0,0
3085,11,0,0,2,0
3086,0,3,38,14,12
3087,0,0,0,1,0
3088,0,0,0,0,8
3089,14,0,0,0,0
3090,0,1,6,3,100
3091,0,23,0,0,5
3092,26,6,22,0,49
3093,0,0,1,1,0
3094,8,0,0,9,10
3095,0,0,0,0,0
3096,6,0,0,0,0
3097,3,0,0,0,0
3098,3,1,1,0,0
3099,0,0,4,0,0
3100,9,0,0,1,1
3101,5,17,5,0,0
3102,8,0,37,4,0
3103,1,0,32,15,0
3104,6,1,0,1,0
3105,2,84,0,0,6
3106,14,7,0,1,1
3107,12,11,3,0,0
3108,0,0,0,0,0
3109,4,12,0,0,14
3110,0,0,0,3,16
3111,0,0,1,0,4
3112,0,0,0,4,21
3113,37,16,1,3,0
3114,0,0,0,2,1
3115,26,0,12,0,33
3116,8,1,18,1,1
3117,1,0,0,22,5
3118,13,12,1,3,4
3119,3,0,0,0,10
3120,0,1,3,0,0
3121,10,8,10,0,2
3122,0,0,2,0,0
3123,3,1,0,0,35
3124,0,36,5,0,4
3125,15,2,0,18,0
3126,2,124,0,4,3
3127,3,0,0,7,7
3128,0,32,26,0,52
3129,0,1,20,0,2
3130,1,0,1,0,0
3131,0,3,2,0,0
3132,0,2,3,2,3
3133,1,0,0,0,0
3134,0,70,2,13,19
3135,0,16,0,36,0
3136,50,0,20,0,0
3137,235,51,28,198,0
3138,13,0,2,1,2
3139,9,5,0,1,0
3140,0,0,0,0,0
3141,0,0,0,0,0
3142,0,0,17,10,1
3143,0,14,9,0,1
3144,13,67,0,0,0
3145,0,0,0,4,0
3146,0,1,0,0,0
3147,0,0,0,0,0
3148,1,0,0,4,0
3149,0,0,0,0,1
3150,0,0,0,0,0
3151,2,3,1,0,0
3152,0,0,14,8,0
3153,0,47,0,0,0
3154,1,0,0,0,0
3155,0,0,0,0,2
3156,63,76,0,1,3
3157,0,51,2,115,9
3158,2,0,116,0,0
3159,2,0,0,0,0
3160,0,1,4,0,0
3161,0,0,6,5,0
3162,0,0,17,0,43
3163,9,2,0,0,0
3164,0,0,0,4,0
3165,1,1,16,0,19
3166,0,13,0,3,22
3167,14,0,0,0,3
3168,0,2,0,2,0
3169,53,1,30,0,0
3170,0,1,2,0,1
3171,3,0,0,0,0
3172,0,2,13,0,0
3173,9,6,2,1,3
3174,0,0,1,3,59
3175,3,30,0,59,1
3176,0,6,0,2,1
3177,1,0,0,14,4
3178,2,17,0,4,17
3179,3,0,7,0,8
3180,0,4,5,1,12
3181,0,0,4,0,23
3182,0,4,0,9,2
3183,0,0,13,2,21
3184,0,0,1,3,13
3185,1,0,1,0,0
3186,0,16,0,0,0
3187,3,0,1,0,0
3188,7,0,0,0,0
3189,0,0,0,0,10
3190,0,0,3,0,1
3191,0,0,7,0,1
3192,3,0,10,0,0
3193,5,0,0,1,11
3194,0,0,14,9,6
3195,0,0,0,0,0
3196,4,0,0,0,1
3197,0,0,56,0,0
3198,0,1,7,0,0
3199,29,0,0,0,0
3200,5,0,0,11,24
3201,5,0,0,23,0
3202,9,0,18,1,0
3203,0,1,5,1,0
3204,0,0,0,0,11
3205,0,0,7,2,0
3206,0,0,0,8,0
3207,0,2,55,0,0
3208,0,2,0,2,0
3209,5,21,0,0,0
3210,0,0,0,0,0
3211,0,0,0,0,0
3212,0,0,2,0,0
3213,0,0,1,0,0
3214,0,22,0,31,0
3215,2,0,1,0,1
3216,0,51,0,0,0
3217,0,1,2,4,14
3218,9,3,0,0,0
3219,3,0,29,3,1
3220,0,0,1,87,3
3221,1,0,0,2,65
3222,0,11,2,0,0
3223,11,1,0,1,6
3224,18,2,12,54,10
3225,0,0,0,4,4
3226,23,0,2,1,1
3227,7,1,5,1,0
3228,16,0,11,0,1
3229,0,7,0,0,24
3230,0,6,21,0,0
3231,0,31,44,73,0
3232,0,21,25,0,1
3233,0,2,45,0,0
3234,5,5,0,1,0
3235,0,4,0,56,12
3236,0,0,0,16,14
3237,1,0,9,54,3
3238,8,2,6,2,0
3239,0,0,2,0,59
3240,5,26,1,0,1
3241,0,3,0,0,0
3242,0,28,0,4,164
3243,0,2,0,125,0
3244,0,0,0,0,0
3245,0,0,0,2,0
3246,1,0,1,0,1
3247,0,3,0,2,1
3248,3,22,0,0,1
3249,14,0,4,5,17
3250,1,11,0,47,1
3251,0,0,1,0,16
3252,0,0,0,9,6
3253,4,0,0,0,19
3254,0,0,0,0,0
3255,0,0,9,0,2
3256,0,0,4,1,0
3257,2,14,1,0,0
3258,17,2,0,19,2
3259,18,23,0,1,0
3260,0,0,0,37,0
3261,0,7,0,9,12
3262,0,4,0,0,1
3263,0,0,12,1,2
3264,0,7,6,21,1
3265,1,3,28,84,31
3266,1,12,0,10,2
3267,1,0,0,0,2
3268,0,1,0,3,0
3269,0,1,0,5,0
3270,0,0,0,0,17
3271,0,0,0,38,0
3272,0,21,7,1,0
3273,0,0,14,30,0
3274,21,12,13,0,0
3275,12,0,0,0,0
3276,0,37,138,2,0
3277,1,1,0,0,39
3278,0,0,2,0,1
3279,0,6,55,0,15
3280,27,0,0,12,4
3281,0,2,5,3,0
3282,5,0,0,0,0
3283,7,0,108,1,0
3284,4,8,0,3,18
3285,0,0,1,1,3
3286,0,0,0,1,2
3287,0,33,0,12,12
3288,25,0,81,0,1
3289,0,2,62,0,16
3290,1,56,2,0,31
3291,1,0,0,1,0
3292,0,0,0,61,0
3293,0,2,0,0,17
3294,1,0,0,0,0
3295,24,37,0,1,12
3296,2,3,0,0,0
3297,0,0,0,15,0
3298,0,112,3,0,0
3299,0,0,2,0,8
3300,18,0,1,0,70
3301,0,0,0,1,0
3302,2,1,0,0,27
3303,3,0,0,0,0
3304,7,0,0,0,0
3305,0,0,0,3,0
3306,23,0,6,13,0
3307,0,0,0,42,12
3308,0,6,3,0,15
3309,0,0,0,6,1
3310,7,0,7,65,0
3311,0,11,7,0,4
3312,0,1,0,22,2
3313,0,1,16,0,11
3314,0,0,4,1,0
3315,0,0,0,0,5
3316,0,0,7,0,1
3317,34,3,0,25,2
3318,9,6,0,0,0
3319,0,20,31,2,0
3320,4,13,6,0,0
3321,61,0,8,49,54
3322,17,0,1,0,0
3323,1,2,6,0,0
3324,0,0,0,0,8
3325,3,51,0,14,0
3326,0,7,0,0,0
3327,0,0,8,0,0
3328,1,0,11,0,0
3329,0,0,1,7,0
3330,0,30,0,0,4
3331,1,0,0,0,25
3332,0,0,1,36,7
3333,0,0,0,0,0
3334,26,4,21,0,0
3335,0,0,1,0,0
3336,2,62,32,0,0
3337,0,13,15,0,0
3338,13,5,1,2,0
3339,15,47,0,0,0
3340,0,0,1,0,0
3341,5,89,0,47,2
3342,0,0,0,0,0
3343,0,0,0,0,0
3344,38,22,4,0,0
3345,7,0,0,1,8
3346,0,0,2,0,0
3347,35,0,2,25,4
3348,0,0,0,0,2
3349,12,69,0,0,28
3350,0,0,5,0,3
3351,62,0,21,27,37
3352,76,76,3,112,0
3353,1,1,1,7,0
3354,0,0,7,0,9
3355,0,0,0,0,3
3356,0,0,0,0,0
3357,3,6,0,2,5
3358,3,0,0,12,0
3359,3,0,3,0,16
3360,0,0,0,0,0
3361,51,4,57,54,0
3362,23,5,0,0,1
3363,0,3,0,0,0
3364,0,8,4,0,0
3365,0,17,4,3,0
3366,5,0,8,0,28
3367,0,0,0,0,1
3368,0,0,0,0,7
3369,81,0,0,196,1
3370,0,3,0,0,7
3371,0,0,0,0,78
3372,0,24,0,0,20
3373,14,0,0,0,0
3374,16,0,0,2,0
3375,0,0,10,0,0
3376,0,0,0,0,0
3377,0,0,0,0,1
3378,0,13,24,0,24
3379,0,2,0,3,0
3380,23,0,0,0,14
3381,7,68,25,32,89
3382,0,0,15,2,19
3383,0,1,0,10,13
3384,10,0,3,6,2
3385,8,0,0,0,1
3386,0,0,1,0,1
3387,0,0,0,0,0
3388,0,1,0,0,23
3389,18,6,0,0,3
3390,0,0,49,0,2
3391,87,0,0,1,0
3392,1,0,0,5,33
3393,0,0,0,1,0
3394,0,4,0,0,0
3395,0,6,0,0,0
3396,2,0,0,6,0
3397,0,0,15,0,12
3398,3,20,3,9,0
3399,0,16,2,0,1
3400,0,0,0,0,0
3401,0,0,0,0,0
3402,30,11,2,0,0
3403,6,1,6,1,0
3404,0,0,0,0,0
3405,0,0,3,0,0
3406,0,42,0,2,9
3407,0,4,1,0,4
3408,6,0,0,0,0
3409,0,21,0,3,0
3410,16,0,0,0,12
3411,0,0,0,0,0
3412,0,0,49,15,7
3413,22,0,0,0,0
3414,1,0,1,2,22
3415,0,5,34,6,0
3416,0,36,9,0,0
3417,13,0,0,0,0
3418,0,1,0,0,0
3419,0,0,0,0,8
3420,0,5,1,0,0
3421,57,8,0,146,12
3422,0,2,1,1,0
3423,0,0,0,0,0
3424,0,10,0,0,0
3425,1,2,0,1,0
3426,0,0,0,0,1
3427,0,0,0,0,0
3428,0,0,6,2,0
3429,0,5,0,0,0
3430,0,16,1,1,0
3431,0,13,0,2,5
3432,0,13,1,0,15
3433,1,3,1,7,0
3434,0,0,26,59,0
3435,3,36,0,0,0
3436,14,7,3,5,10
3437,1,0,2,0,0
3438,0,3,25,8,0
3439,0,3,0,0,3
3440,0,0,1,0,0
3441,0,2,3,8,0
3442,0,0,0,0,0
3443,0,0,0,0,6
3444,13,0,0,7,0
3445,0,0,2,0,142
3446,2,4,9,1,20
3447,0,0,0,0,3
3448,0,15,10,1,253
3449,0,6,0,0,0
3450,1,1,0,0,6
3451,0,0,0,1,7
3452,20,0,0,1,0
3453,6,32,0,0,0
3454,0,2,9,1,0
3455,0,0,0,0,2
3456,0,12,1,0,0
3457,10,1,0,0,0
3458,0,2,10,9,1
3459,0,1,0,36,2
3460,0,0,2,81,22
3461,0,0,1,41,32
3462,0,0,0,0,0
3463,10,4,1,2,2
3464,13,0,0,0,0
3465,13,0,0,9,49
3466,0,0,0,5,34
3467,0,0,6,0,7
3468,0,0,1,0,2
3469,0,0,0,1,1
3470,8,0,15,4,0
3471,0,0,0,8,0
3472,0,1,0,0,0
3473,0,22,1,2,2
3474,0,8,2,1,0
3475,0,0,26,340,0
3476,0,0,1,5,1
3477,0,0,0,0,60
3478,33,0,77,4,6
3479,6,0,0,0,6
3480,5,2,0,0,1
3481,91,0,33,2,49
3482,0,0,13,0,42
3483,5,7,0,0,1
3484,0,0,14,0,0
3485,3,10,3,0,55
3486,0,0,0,6,0
3487,34,0,0,20,17
3488,17,7,0,0,0
3489,57,0,0,0,0
3490,0,8,4,0,0
3491,16,0,0,0,0
3492,0,0,0,0,1
3493,0,0,3,0,0
3494,0,0,1,0,0
3495,4,0,1,5,36
3496,0,1,7,2,0
3497,211,1,0,0,176
3498,0,0,1,3,0
3499,0,3,0,0,0
3500,2,3,6,0,3
3501,7,60,1,0,13
3502,1,0,0,20,0
3503,3,0,147,0,0
3504,47,0,0,6,0
3505,0,3,0,0,0
3506,0,0,0,0,50
3507,3,17,13,0,0
3508,0,12,0,44,0
3509,3,38,0,0,0
3510,0,0,10,0,81
3511,14,0,4,17,1
3512,10,0,1,10,1
3513,0,0,0,0,5
3514,5,0,22,5,1
3515,0,0,4,62,0
3516,0,63,9,0,3
3517,0,0,1,6,12
3518,77,10,3,0,3
3519,0,17,0,16,0
3520,0,0,30,0,5
3521,0,10,5,8,2
3522,0,0,0,0,0
3523,5,0,0,1,1
3524,1,0,1,0,0
3525,0,4,18,1,1
3526,4,0,0,0,1
3527,1,26,0,11,13
3528,7,13,0,0,0
3529,0,5,9,12,10
3530,10,0,2,0,0
3531,1,0,0,0,0
3532,0,50,0,28,37
3533,2,1,0,5,0
3534,1,0,0,5,0
3535,2,0,4,0,3
3536,0,0,0,4,0
3537,0,0,0,3,39
3538,0,0,0,2,1
3539,2,0,2,1,0
3540,4,0,0,0,97
3541,0,0,12,4,2
3542,6,41,58,0,0
3543,4,0,5,4,8
3544,1,2,6,0,0
3545,0,0,17,4,0
3546,0,0,14,0,0
3547,0,0,34,0,0
3548,1,0,0,8,0
3549,0,1,0,1,0
3550,0,5,0,22,0
3551,7,0,15,0,2
3552,0,0,0,0,15
3553,8,0,0,0,0
3554,4,0,1,0,0
3555,0,0,3,0,0
3556,0,0,8,6,3
3557,11,0,0,0,50
3558,0,111,8,0,20
3559,2,8,0,3,0
3560,1,11,0,5,0
3561,0,0,0,0,0
3562,77,38,67,0,16
3563,6,0,14,1,0
3564,0,0,0,0,0
3565,0,0,0,0,0
3566,23,0,0,0,0
3567,0,0,0,0,0
3568,0,0,0,12,0
3569,0,4,3,1,0
3570,0,0,0,2,22
3571,20,0,0,0,2
3572,0,0,11,0,0
3573,0,0,0,16,0
3574,2,23,2,21,4
3575,0,0,1,0,0
3576,6,10,0,0,0
3577,13,0,20,4,12
3578,17,5,0,0,8
3579,0,4,3,1,0
3580,0,0,0,10,0
3581,0,9,0,7,0
3582,0,0,0,0,0
3583,0,0,0,0,0
3584,0,12,2,21,0
3585,16,0,22,2,13
3586,3,0,0,35,0
3587,0,5,4,0,16
3588,0,0,0,0,6
3589,11,14,1,3,0
3590,46,0,0,3,0
3591,0,1,0,0,0
3592,48,3,0,0,1
3593,20,0,0,0,17
3594,13,2,27,0,0
3595,0,12,1,19,0
3596,8,0,31,12,1
3597,6,0,1,0,0
3598,0,0,1,22,2
3599,0,0,0,3,0
3600,23,0,2,0,0
3601,0,0,0,1,0
3602,0,0,0,2,3
3603,0,0,0,6,0
3604,10,62,0,28,20
3605,34,0,7,0,0
3606,0,0,1,36,7
3607,0,0,0,0,0
3608,0,5,5,0,0
3609,34,1,0,0,0
3610,6,0,0,5,0
3611,0,3,0,0,13
3612,70,3,1,23,0
3613,0,0,1,3,48
3614,5,3,0,3,1
3615,0,19,4,19,0
3616,2,0,0,97,0
3617,0,7,0,2,3
3618,1,10,1,13,0
3619,3,13,4,6,6
3620,11,0,16,0,46
3621,19,0,2,8,12
3622,7,2,0,0,0
3623,0,1,0,0,0
3624,0,17,1,0,0
3625,12,7,1,0,26
3626,30,0,0,3,0
3627,0,0,12,0,12
3628,0,0,0,16,10
3629,0,0,14,0,0
3630,25,0,0,8,1
3631,3,0,0,0,3
3632,0,0,0,3,0
3633,2,0,0,7,0
3634,1,6,1,0,0
3635,58,1,1,1,0
3636,0,30,0,0,22
3637,20,15,0,1,0
3638,0,0,0,0,0
3639,23,7,14,0,22
3640,0,2,16,13,5
3641,0,1,4,7,1
3642,1,0,2,0,34
3643,14,0,0,1,0
3644,0,4,0,24,0
3645,1,1,0,0,0
3646,0,0,0,7,0
3647,6,2,0,15,1
3648,0,0,1,55,3
3649,0,0,3,0,7
3650,98,3,1,0,0
3651,0,9,11,0,30
3652,0,0,0,0,1
3653,18,0,0,1,2
3654,1,0,9,8,3
3655,2,0,21,3,0
3656,0,0,0,14,1
3657,15,0,22,8,1
3658,0,28,0,1,18
3659,0,7,3,19,18
3660,0,0,0,2,6
3661,0,0,2,4,18
3662,0,3,0,37,0
3663,3,1,10,4,0
3664,1,1,9,3,70
3665,4,29,0,0,0
3666,4,0,38,1,0
3667,48,8,32,3,31
3668,0,0,20,40,0
3669,0,0,11,49,0
3670,6,0,0,0,2
3671,1,4,0,16,0
3672,9,0,4,11,0
3673,0,0,0,55,0
3674,0,0,0,0,0
3675,0,13,4,5,0
3676,0,0,0,0,0
3677,8,2,0,0,1
3678,0,13,0,0,0
3679,37,1,0,20,0
3680,48,1,0,2,0
3681,0,0,0,0,0
3682,15,51,0,32,5
3683,60,0,0,0,7
3684,0,0,0,4,0
3685,0,1,5,2,3
3686,1,0,9,94,0
3687,0,4,13,1,0
3688,0,0,170,86,21
3689,2,0,6,0,0
3690,2,3,0,0,16
3691,0,0,0,0,0
3692,5,0,0,24,5
3693,6,0,1,0,0
3694,0,0,0,0,0
3695,0,0,0,0,3
3696,0,0,0,0,1
3697,0,10,0,0,2
3698,5,1,5,0,0
3699,0,0,0,0,12
3700,1,0,1,0,0
3701,0,19,3,0,0
3702,2,1,0,0,2
3703,0,0,0,0,4
3704,0,0,0,2,0
3705,66,4,7,0,0
3706,0,0,2,0,3
3707,6,0,0,0,0
3708,2,129,0,20,20
3709,22,2,0,0,2
3710,27,0,0,2,0
3711,9,4,0,0,0
3712,127,2,19,2,2
3713,0,0,0,0,4
3714,7,1,0,0,0
3715,0,38,0,3,5
3716,0,10,0,2,0
3717,0,7,0,0,55
3718,10,0,1,0,120
3719,3,20,33,6,5
3720,16,0,23,3,28
3721,0,0,20,31,0
3722,1,20,32,2,1
3723,15,38,13,2,4
3724,0,0,6,0,0
3725,0,2,0,0,1
3726,1,5,20,0,0
3727,21,69,0,0,19
3728,0,0,0,4,0
3729,21,2,0,0,0
3730,0,6,0,1,0
3731,1,0,0,6,0
3732,4,67,0,0,0
3733,0,0,3,0,136
3734,6,9,4,2,0
3735,29,6,18,9,0
3736,0,0,0,17,0
3737,0,0,1,1,0
3738,2,0,0,0,0
3739,4,16,59,0,40
3740,1,1,3,58,2
3741,13,2,0,2,0
3742,0,0,0,0,2
3743,3,0,0,0,0
3744,2,5,2,0,0
3745,14,4,20,0,10
3746,0,10,1,0,0
3747,8,10,0,0,2
3748,0,0,3,0,3
3749,1,4,31,12,1
3750,0,10,0,0,7
3751,0,0,3,0,23
3752,0,8,1,0,0
3753,1,2,4,0,5
3754,5,6,15,4,0
3755,9,37,7,2,0
3756,75,14,0,1,2
3757,7,22,9,4,17
3758,9,1,2,12,19
3759,48,6,47,18,1
3760,0,30,0,0,16
3761,4,4,2,0,0
3762,1,34,0,1,2
3763,0,5,0,0,0
3764,37,20,46,0,0
3765,2,0,1,0,3
3766,0,3,0,9,0
3767,9,0,6,0,0
3768,0,0,0,18,0
3769,0,6,0,2,1
3770,0,6,0,0,0
3771,2,0,54,0,1
3772,0,22,22,0,12
3773,33,22,0,8,0
3774,0,3,1,0,0
3775,0,0,11,0,13
3776,0,57,3,76,3
3777,0,0,11,4,0
3778,2,0,11,3,0
3779,2,2,0,2,0
3780,0,0,1,0,0
3781,0,0,25,5,0
3782,0,0,0,0,0
3783,0,2,1,9,0
3784,15,19,2,0,1
3785,1,20,0,0,45
3786,0,0,0,6,0
3787,0,13,0,0,21
3788,0,13,0,0,0
3789,13,33,27,0,21
3790,1,0,50,4,25
3791,0,0,0,0,0
3792,0,0,2,0,0
3793,0,3,0,0,0
3794,0,12,0,0,0
3795,2,2,0,0,0
3796,0,0,0,2,0
3797,0,26,0,0,0
3798,0,0,0,18,1
3799,0,0,0,7,45
3800,0,10,21,0,1
3801,25,0,0,0,0
3802,1,0,3,9,1
3803,9,0,1,11,4
3804,1,1,0,1,1
3805,0,6,0,0,0
3806,0,2,22,4,0
3807,0,1,18,2,10
3808,0,0,0,5,2
3809,0,1,0,0,0
3810,0,1,0,4,0
3811,70,0,0,0,55
3812,4,0,0,7,17
3813,1,0,0,13,2
3814,5,1,57,1,76
3815,0,1,11,1,0
3816,0,43,4,6,6
3817,0,0,0,1,0
3818,3,0,0,1,17
3819,10,0,0,11,3
3820,1,1,1,64,0
3821,19,0,0,78,0
3822,1,0,1,0,0
3823,1,11,0,0,2
3824,19,3,0,1,2
3825,0,0,0,0,0
3826,0,4,0,0,1
3827,0,0,0,9,0
3828,6,7,1,0,0
3829,8,0,239,0,2
3830,0,3,14,5,0
3831,0,0,21,12,0
3832,0,0,4,0,9
3833,0,1,0,1,0
3834,0,6,0,2,0
3835,0,0,1,0,0
3836,0,23,0,5,0
3837,3,0,0,9,0
3838,0,0,0,69,1
3839,4,7,1,9,0
3840,0,0,0,0,0
3841,53,2,9,0,0
3842,0,36,80,0,0
3843,0,0,0,0,19
3844,12,0,1,0,3
3845,4,19,1,6,4
3846,14,14,0,0,0
3847,0,0,0,0,0
3848,0,22,1,1,0
3849,0,0,2,6,0
3850,2,1,0,0,4
3851,0,9,0,0,1
3852,0,0,0,0,0
3853,1,27,0,0,13
3854,0,21,0,0,1
3855,1,0,40,48,5
3856,1,0,0,0,0
3857,0,1,8,4,2
3858,0,0,4,0,0
3859,40,4,9,1,0
3860,6,0,0,14,0
3861,6,0,2,0,95
3862,0,3,0,105,1
3863,0,0,3,0,0
3864,0,16,6,12,0
3865,0,7,3,9,27
3866,0,1,10,10,0
3867,1,0,1,2,0
3868,12,0,0,0,10
3869,6,2,0,0,0
3870,0,0,3,0,0
3871,0,3,0,1,0
3872,0,4,4,0,0
3873,1,0,1,0,0
3874,0,39,2,9,11
3875,0,2,9,24,4
3876,0,0,322,0,0
3877,0,0,0,0,0
3878,0,0,3,0,12
3879,2,1,0,0,0
3880,3,0,0,0,0
3881,0,2,0,5,33
3882,0,0,7,0,0
3883,17,0,64,0,5
3884,17,10,1,5,0
3885,0,0,17,1,11
3886,8,0,0,0,16
3887,0,0,2,0,0
3888,0,0,10,0,0
3889,35,79,1,2,0
3890,4,0,0,0,0
3891,0,15,2,0,0
3892,0,2,15,0,0
3893,1,0,0,1,2
3894,0,0,12,0,5
3895,0,0,2,0,0
3896,2,54,0,0,95
3897,0,0,8,112,0
3898,0,211,0,1,0
3899,0,3,2,0,2
3900,7,73,0,10,1
3901,13,29,0,27,36
3902,0,0,0,0,0
3903,40,10,0,35,0
3904,0,0,3,1,0
3905,0,0,11,0,3
3906,0,3,0,0,27
3907,3,0,0,2,1
3908,0,2,0,0,8
3909,1,0,0,0,0
3910,1,1,0,3,10
3911,0,1,0,0,0
3912,44,0,0,0,0
3913,1,0,0,1,14
3914,0,1,1,0,0
3915,1,22,0,3,0
3916,0,7,3,19,3
3917,8,234,14,22,0
3918,2,0,0,1,1
3919,0,0,0,0,0
3920,50,4,0,7,0
3921,4,0,0,0,0
3922,1,1,0,0,1
3923,6,3,3,14,1
3924,0,39,34,0,0
3925,2,0,0,0,0
3926,1,0,0,50,0
3927,0,1,4,17,0
3928,26,8,0,0,7
3929,0,1,0,5,50
3930,0,6,5,13,0
3931,0,4,0,0,0
3932,0,4,0,0,0
3933,0,19,0,0,0
3934,0,0,44,1,1
3935,0,0,0,0,0
3936,0,6,0,1,27
3937,0,3,0,6,14
3938,4,86,1,0,1
3939,0,13,0,1,19
3940,5,1,0,3,0
3941,0,0,0,0,0
3942,0,0,0,0,16
3943,1,2,0,0,31
3944,12,0,1,0,1
3945,1,15,0,0,0
3946,1,0,0,0,1
3947,17,51,0,0,0
3948,0,1,2,0,103
3949,3,1,0,13,0
3950,2,5,0,0,1
3951,1,19,9,1,0
3952,100,0,4,8,0
3953,16,2,0,0,10
3954,1,10,31,31,0
3955,1,10,7,0,0
3956,0,0,0,1,0
3957,20,5,2,0,16
3958,7,0,0,0,0
3959,0,4,0,0,1
3960,1,40,0,3,0
3961,0,5,7,6,0
3962,0,70,0,8,0
3963,0,0,0,0,13
3964,3,29,0,16,4
3965,0,16,1,0,0
3966,14,16,0,14,0
3967,69,0,0,14,1
3968,8,0,10,0,60
3969,0,10,108,2,0
3970,0,1,17,0,0
3971,6,0,1,0,3
3972,0,0,40,0,3
3973,5,3,0,0,0
3974,0,0,0,0,0
3975,0,0,0,5,0
3976,0,2,0,0,9
3977,63,0,0,0,1
3978,4,0,0,0,9
3979,8,0,0,26,14
3980,39,0,9,0,0
3981,0,0,39,0,0
3982,0,19,0,0,2
3983,0,14,1,2,0
3984,16,3,1,0,2
3985,0,0,1,0,1
3986,0,0,4,0,1
3987,2,2,0,0,26
3988,0,0,4,8,39
3989,0,4,0,0,1
3990,0,0,4,0,0
3991,0,2,1,1,2
3992,0,0,0,6,7
3993,6,0,0,1,3
3994,0,0,1,0,0
3995,7,0,5,3,0
3996,54,5,5,54,51
3997,0,4,2,57,0
3998,3,0,1,3,54
3999,3,0,0,0,0
4000,0,0,3,0,0
4001,0,12,6,50,10
4002,17,1,0,0,0
4003,0,34,16,1,0
4004,0,0,5,40,1
4005,0,3,0,0,0
4006,0,5,0,8,0
4007,0,0,0,0,0
4008,28,0,0,15,0
4009,1,0,0,2,0
4010,0,16,17,0,20
4011,0,1,0,50,26
4012,0,4,0,0,2
4013,0,4,4,3,0
4014,25,12,0,95,0
4015,0,0,0,0,1
4016,0,0,3,0,43
4017,1,2,0,0,2
4018,61,7,0,19,0
4019,7,6,0,0,0
4020,19,6,2,29,8
4021,1,2,0,7,0
4022,24,38,0,0,0
4023,0,0,4,2,0
4024,13,0,39,0,58
4025,2,88,12,16,10
4026,3,0,0,5,5
4027,5,0,1,2,7
4028,0,23,10,0,40
4029,0,0,0,2,7
4030,9,5,5,0,0
4031,79,0,51,1,0
4032,0,0,0,0,0
4033,0,135,0,0,5
4034,6,9,0,2,2
4035,0,5,0,1,1
4036,0,1,1,2,0
4037,1,8,0,0,20
4038,0,4,45,4,0
4039,0,36,0,7,5
4040,0,0,0,0,0
4041,0,0,20,55,1
4042,6,0,0,5,0
4043,58,1,0,3,0
4044,0,1,0,21,0
4045,0,0,0,0,3
4046,0,0,2,1,0
4047,0,0,0,3,26
4048,0,4,0,0,0
4049,13,0,0,5,70
4050,16,25,0,40,0
4051,0,2,0,0,31
4052,1,3,14,0,0
4053,0,1,0,7,0
4054,2,0,16,0,1
4055,0,0,8,0,0
4056,2,0,0,2,7
4057,0,1,2,0,0
4058,0,0,0,0,1
4059,0,0,2,19,23
4060,7,1,0,7,46
4061,0,0,11,191,0
4062,0,0,0,0,4
4063,3,1,8,0,2
4064,12,0,0,1,2
4065,0,7,0,14,14
4066,6,5,18,0,0
4067,2,26,0,0,0
4068,0,9,0,5,0
4069,0,30,0,0,0
4070,0,0,1,6,0
4071,0,0,0,0,3
4072,2,21,7,0,4
4073,0,22,18,1,0
4074,1,3,0,0,0
4075,1,0,0,0,0
4076,0,0,4,0,3
4077,3,0,0,1,6
4078,10,9,12,1,0
4079,0,0,0,0,0
4080,0,12,4,0,0
4081,11,96,0,71,15
4082,0,0,2,13,2
4083,0,0,90,9,0
4084,0,0,0,4,0
4085,0,32,4,0,111
4086,10,1,0,39,0
4087,0,0,4,18,1
4088,0,0,0,9,2
4089,0,0,2,1,0
4090,0,0,0,0,7
4091,0,0,0,0,1
4092,17,0,0,9,0
4093,0,0,119,5,3
4094,0,0,3,4,50
4095,0,5,1,0,12
4096,0,0,19,1,9
4097,0,0,8,0,0
4098,0,3,12,30,0
4099,1,0,4,52,0
4100,1,0,1,10,0
4101,59,0,0,1,0
4102,3,4,0,98,64
4103,1,0,0,0,0
4104,0,0,0,0,0
4105,0,2,7,0,57
4106,1,0,0,8,45
4107,1,0,0,1,0
4108,0,0,0,0,3
4109,0,5,0,0,1
4110,1,0,0,0,0
4111,0,0,0,0,25
4112,0,11,6,0,0
4113,0,0,0,0,11
4114,0,5,55,0,1
4115,0,0,0,0,0
4116,0,0,0,0,22
4117,0,10,0,1,2
4118,0,2,0,51,0
4119,0,0,0,0,8
4120,0,0,0,7,0
4121,0,0,0,1,17
4122,3,2,0,3,16
4123,6,0,2,6,0
4124,0,39,0,0,22
4125,5,0,0,12,8
4126,0,0,3,2,0
4127,0,0,7,0,0
4128,0,13,0,1,1
4129,0,3,0,0,7
4130,9,42,0,0,5
4131,37,0,2,0,0
4132,1,1,3,34,1
4133,0,0,30,0,0
4134,0,1,0,0,3
4135,0,0,29,0,0
4136,0,0,0,1,13
4137,0,0,0,3,170
4138,0,0,5,2,0
4139,0,0,7,0,4
4140,10,37,119,0,32
4141,9,0,0,0,2
4142,0,20,0,35,64
4143,0,0,0,7,0
4144,4,0,0,15,0
4145,0,1,0,0,0
4146,0,20,1,0,2
4147,0,0,4,0,3
4148,0,0,3,1,0
4149,0,4,0,0,0
4150,2,0,9,2,0
4151,0,0,0,0,0
4152,0,0,0,0,10
4153,45,1,0,100,1
4154,0,21,1,0,0
4155,0,0,0,0,0
4156,12,2,1,0,2
4157,1,4,0,0,2
4158,0,40,0,24,4
4159,0,6,0,1,0
4160,1,62,17,1,1
4161,0,0,1,0,0
4162,0,0,0,9,0
4163,0,1,0,0,10
4164,0,0,0,4,4
4165,1,1,2,21,37
4166,0,3,0,0,0
4167,0,0,0,0,2
4168,0,4,6,0,1
4169,0,0,0,2,0
4170,1,0,0,0,5
4171,0,0,0,0,0
4172,0,4,0,0,57
4173,0,62,8,0,24
4174,10,2,254,9,0
4175,1,3,3,0,0
4176,2,0,0,0,0
4177,0,0,0,7,0
4178,0,6,77,0,8
4179,0,0,0,0,0
4180,0,7,0,9,0
4181,0,17,28,0,0
4182,0,27,0,2,0
4183,0,0,0,0,0
4184,18,0,1,0,0
4185,5,7,0,0,3
4186,1,0,0,5,0
4187,2,15,21,0,21
4188,1,4,0,0,0
4189,6,3,2,0,0
4190,2,4,0,2,0
4191,0,0,0,5,1
4192,0,0,0,1,12
4193,0,0,0,0,1
4194,0,0,0,0,0
4195,0,8,5,0,59
4196,61,0,0,0,0
4197,0,0,0,3,19
4198,0,1,18,245,0
4199,1,0,1,32,0
4200,0,9,1,4,0
4201,1,3,29,0,0
4202,10,32,0,0,70
4203,1,1,0,2,3
4204,0,0,0,0,0
4205,12,0,6,27,0
4206,0,0,2,0,0
4207,0,0,0,0,0
4208,0,3,5,0,5
4209,0,1,0,10,4
4210,0,3,0,158,0
4211,57,0,191,1,11
4212,1,0,127,12,99
4213,0,0,4,0,0
4214,8,0,0,0,0
4215,0,0,6,25,0
4216,0,4,0,0,13
4217,0,1,2,0,0
4218,0,1,0,1,0
4219,0,0,0,0,2
4220,85,68,0,2,98
4221,0,14,36,0,50
4222,0,12,0,0,2
4223,0,3,0,2,0
4224,2,0,0,0,1
4225,0,0,12,0,0
4226,0,1,0,1,18
4227,16,0,0,0,3
4228,23,3,0,0,0
4229,2,0,5,0,0
4230,0,3,0,0,79
4231,0,29,0,0,0
4232,6,0,36,0,0
4233,12,0,39,1,0
4234,18,0,39,25,2
4235,0,1,0,0,0
4236,1,2,0,0,0
4237,5,8,9,18,1
4238,0,12,0,12,1
4239,0,6,0,8,0
4240,0,8,6,5,7
4241,0,0,0,0,0
4242,0,0,0,0,19
4243,0,15,15,0,6
4244,3,0,0,7,0
4245,1,67,1,14,0
4246,0,0,0,2,4
4247,0,2,3,0,0
4248,0,0,0,0,0
4249,0,0,3,0,0
4250,0,41,38,0,44
4251,0,8,0,1,1
4252,2,0,10,0,22
4253,47,6,0,0,0
4254,0,0,0,49,0
4255,0,0,0,3,1
4256,7,0,0,0,0
4257,0,2,0,0,0
4258,50,71,1,2,57
4259,0,1,0,0,2
4260,0,3,11,0,0
4261,30,0,0,0,1
4262,6,5,2,0,0
4263,0,0,0,0,3
4264,7,0,4,3,0
4265,0,14,1,1,9
4266,0,10,4,2,2
4267,65,0,66,116,8
4268,0,0,0,0,41
4269,0,0,0,0,0
4270,0,0,0,1,0
4271,2,0,1,0,6
4272,40,8,0,0,0
4273,1,0,0,2,22
4274,0,0,0,0,0
4275,0,2,0,0,32
4276,0,4,27,0,2
4277,31,23,0,1,1
4278,0,1,0,0,25
4279,0,1,4,0,0
4280,0,0,0,0,0
4281,3,0,1,0,0
4282,0,0,0,0,0
4283,1,23,19,0,3
4284,0,0,1,1,3
4285,17,0,0,0,1
4286,0,0,3,0,0
4287,0,10,7,0,20
4288,0,1,0,0,0
4289,0,0,1,38,0
4290,1,2,0,2,1
4291,0,0,0,12,0
4292,7,0,0,0,3
4293,0,2,0,0,31
4294,3,0,0,6,0
4295,20,1,11,0,2
4296,2,0,0,1,6
4297,1,13,0,1,0
4298,49,31,0,2,8
4299,0,0,12,0,0
4300,0,0,19,0,21
4301,6,0,3,0,0
4302,26,6,10,42,0
4303,9,1,18,0,0
4304,1,0,0,0,3
4305,1,0,14,0,0
4306,0,11,1,0,0
4307,0,1,0,1,10
4308,10,0,0,1,2
4309,0,0,2,0,0
4310,0,0,0,2,0
4311,2,0,0,9,0
4312,0,1,13,0,0
4313,0,1,0,1,0
4314,0,0,34,0,13
4315,0,0,57,4,0
4316,0,0,1,0,0
4317,2,3,8,0,0
4318,1,4,15,0,1
4319,1,7,0,0,0
4320,0,0,0,2,0
4321,1,0,0,5,0
4322,1,2,0,1,0
4323,0,0,18,8,0
4324,19,52,1,0,10
4325,0,0,1,2,0
4326,0,4,0,0,0
4327,0,0,0,0,4
4328,1,50,0,0,11
4329,1,3,0,12,16
4330,11,0,0,0,0
4331,1,6,2,0,0
4332,0,0,8,2,5
4333,34,0,30,14,0
4334,0,0,0,21,0
4335,0,0,23,0,0
4336,17,0,9,2,3
4337,19,0,1,0,15
4338,1,17,14,10,0
4339,0,0,0,65,0
4340,0,3,2,0,20
4341,18,0,0,7,17
4342,5,0,1,4,0
4343,0,0,0,0,49
4344,0,0,1,31,13
4345,0,0,58,0,0
4346,0,0,0,4,0
4347,0,0,0,3,0
4348,0,0,5,0,0
4349,0,0,0,8,0
4350,2,0,0,1,0
4351,16,0,0,174,0
4352,0,2,0,7,0
4353,0,0,0,0,0
4354,0,0,0,0,4
4355,0,1,2,9,0
4356,0,0,2,1,1
4357,2,17,12,55,9
4358,147,0,164,0,19
4359,57,34,18,0,11
4360,0,0,1,0,0
4361,0,2,36,39,0
4362,1,0,0,0,4
4363,4,1,1,0,0
4364,40,17,1,62,0
4365,0,1,0,2,0
4366,59,0,11,19,4
4367,42,0,0,18,0
4368,5,1,0,0,9
4369,0,0,0,19,0
4370,0,0,11,37,0
4371,28,10,0,1,28
4372,0,0,0,41,0
4373,1,0,0,0,26
4374,24,6,0,141,87
4375,0,0,0,19,14
4376,0,41,2,21,6
4377,2,0,15,0,19
4378,0,2,254,2,0
4379,17,6,25,1,4
4380,0,0,0,43,1
4381,1,3,0,87,0
4382,0,0,1,2,4
4383,0,0,55,0,7
4384,0,0,0,9,0
4385,0,0,0,35,4
4386,11,0,0,0,0
4387,0,42,15,0,8
4388,0,0,0,21,0
4389,26,1,0,0,6
4390,16,3,0,0,0
4391,0,0,2,41,0
4392,0,0,2,1,2
4393,7,0,0,0,0
4394,0,0,0,0,0
4395,10,0,13,10,0
4396,0,17,21,1,0
4397,7,3,0,2,0
4398,42,0,10,0,1
4399,2,18,4,65,0
4400,7,19,0,0,5
4401,25,0,0,10,13
4402,0,2,3,0,6
4403,2,49,188,0,1
4404,11,1,7,0,19
4405,0,84,10,1,0
4406,0,0,1,0,2
4407,8,0,0,12,0
4408,13,0,0,0,0
4409,0,5,13,0,0
4410,17,0,0,1,40
4411,6,0,0,0,3
4412,18,35,0,2,7
4413,10,26,2,1,0
4414,0,0,0,0,6
4415,0,6,0,0,63
4416,2,14,0,0,0
4417,10,1,0,0,23
4418,2,6,1,0,0
4419,0,0,0,55,0
4420,0,0,5,100,0
4421,0,0,2,0,1
4422,6,2,2,0,0
4423,0,34,0,34,1
4424,0,0,0,1,0
4425,7,6,6,16,34
4426,30,0,0,1,26
4427,1,0,0,5,6
4428,203,0,65,0,0
4429,0,0,0,0,0
4430,0,0,16,49,16
4431,2,0,0,3,0
4432,0,0,0,9,0
4433,0,15,0,0,0
4434,2,0,0,0,0
4435,0,1,0,0,6
4436,1,0,4,0,0
4437,0,0,2,0,0
4438,4,0,23,15,50
4439,0,0,0,6,0
4440,24,0,3,0,0
4441,0,0,0,0,0
4442,0,0,0,3,0
4443,14,0,102,36,29
4444,0,0,0,0,0
4445,23,0,0,8,27
4446,0,0,0,0,0
4447,2,8,3,2,10
4448,0,1,10,4,1
4449,24,0,0,0,0
4450,26,0,0,2,10
4451,42,0,0,0,10
4452,1,2,33,0,0
4453,18,0,0,2,6
4454,1,1,5,1,0
4455,3,8,2,27,0
4456,0,23,1,2,0
4457,2,0,0,3,0
4458,2,17,1,11,37
4459,12,0,1,0,0
4460,5,16,0,21,2
4461,0,12,2,0,0
4462,0,0,21,0,0
4463,0,0,0,8,6
4464,0,15,0,0,9
4465,0,0,11,18,3
4466,16,0,0,0,0
4467,6,0,0,2,98
4468,27,26,31,2,0
4469,0,2,0,0,11
4470,72,0,0,0,0
4471,0,0,14,36,0
4472,1,0,0,0,0
4473,3,39,3,0,0
4474,0,1,0,0,3
4475,0,0,0,5,2
4476,64,11,0,2,0
4477,0,0,7,21,0
4478,3,0,1,0,8
4479,5,1,6,1,13
4480,2,0,0,0,0
4481,0,67,2,0,0
4482,0,0,1,0,20
4483,1,0,0,4,9
4484,0,1,0,0,36
4485,0,19,0,0,0
4486,5,3,5,0,5
4487,1,3,0,0,0
4488,2,33,6,0,0
4489,0,0,0,0,5
4490,4,4,0,5,0
4491,7,1,72,2,0
4492,0,2,1,14,0
4493,1,0,0,0,9
4494,1,0,5,0,7
4495,0,29,0,4,0
4496,0,44,1,7,0
4497,4,0,0,15,0
4498,2,1,0,10,0
4499,9,0,1,0,7
4500,0,21,0,25,0
4501,0,3,0,2,0
4502,20,2,1,0,0
4503,53,0,0,0,7
4504,0,5,0,0,38
4505,0,0,17,0,0
4506,0,13,0,0,5
4507,0,0,0,0,0
4508,0,0,1,6,1
4509,0,0,0,1,0
4510,3,23,0,5,0
4511,0,4,19,0,0
4512,0,0,0,0,2
4513,1,17,0,4,11
4514,45,5,11,0,0
4515,1,0,0,0,0
4516,6,0,4,0,4
4517,17,6,5,0,23
4518,0,0,0,0,0
4519,1,0,0,38,0
4520,0,0,8,1,0
4521,0,0,0,193,1
4522,0,0,0,0,14
4523,0,0,1,0,0
4524,0,5,0,7,0
4525,1,14,0,0,0
4526,29,0,4,0,0
4527,11,0,3,0,0
4528,12,0,2,0,0
4529,25,0,0,0,0
4530,0,2,70,0,0
4531,0,25,0,0,0
4532,0,0,0,0,0
4533,5,0,4,1,15
4534,1,0,5,0,9
4535,42,2,0,0,1
4536,0,22,0,0,21
4537,0,4,8,0,0
4538,59,0,43,18,6
4539,0,0,0,0,0
4540,0,2,0,0,46
4541,0,17,8,1,2
4542,0,0,1,0,0
4543,0,0,0,0,5
4544,0,0,0,0,0
4545,1,1,0,6,1
4546,6,1,0,0,0
4547,0,0,0,0,0
4548,0,1,0,62,0
4549,0,0,0,4,0
4550,2,5,0,3,3
4551,2,0,0,0,1
4552,1,0,1,18,0
4553,0,0,18,0,16
4554,0,3,5,132,6
4555,0,0,0,4,0
4556,0,0,7,5,0
4557,6,3,24,1,0
4558,0,0,0,0,0
4559,7,0,0,3,3
4560,1,0,29,1,0
4561,12,6,10,0,27
4562,1,0,0,0,0
4563,0,1,2,3,0
4564,0,35,0,0,3
4565,0,0,0,0,1
4566,0,0,105,0,0
4567,0,0,1,0,1
4568,0,0,0,0,11
4569,8,0,78,0,16
4570,4,0,8,0,6
4571,0,0,0,0,17
4572,0,4,0,4,0
4573,0,16,0,7,16
4574,4,2,5,1,0
4575,2,1,1,0,0
4576,0,3,4,26,0
4577,0,0,0,7,7
4578,0,2,4,2,69
4579,0,0,0,11,0
4580,3,0,0,0,6
4581,7,125,0,0,0
4582,2,1,0,0,1
4583,0,0,0,0,0
4584,24,0,0,15,0
4585,9,10,0,8,0
4586,5,15,0,43,0
4587,3,0,0,0,0
4588,0,0,0,35,0
4589,0,18,0,0,0
4590,6,0,0,0,0
4591,1,0,3,4,0
4592,52,0,0,5,57
4593,54,0,4,155,2
4594,6,0,9,0,0
4595,5,0,0,0,17
4596,0,0,0,0,12
4597,1,0,0,2,9
4598,0,4,0,0,0
4599,0,8,0,11,0
4600,0,85,19,0,0
4601,16,2,0,14,10
4602,1,0,0,20,0
4603,15,0,0,0,1
4604,6,2,30,0,15
4605,0,0,0,0,53
4606,0,0,22,0,48
4607,7,0,1,5,0
4608,0,0,2,3,0
4609,0,4,0,0,2
4610,7,11,9,0,1
4611,6,0,0,2,0
4612,5,2,1,32,0
4613,0,7,18,1,0
4614,35,0,9,8,6
4615,0,5,5,0,0
4616,0,0,0,2,8
4617,9,1,0,1,0
4618,1,5,0,63,0
4619,15,6,3,0,7
4620,0,0,31,29,3
4621,0,0,0,0,6
4622,0,1,2,0,6
4623,7,0,0,1,3
4624,0,1,3,0,0
4625,0,0,0,0,1
4626,1,8,8,2,22
4627,0,0,1,12,0
4628,0,2,0,0,0
4629,1,1,0,9,0
4630,0,0,0,1,0
4631,0,4,0,0,7
4632,5,1,5,4,33
4633,0,0,0,0,1
4634,0,0,11,0,0
4635,0,5,1,0,0
4636,7,41,0,0,0
4637,13,0,2,1,7
4638,4,0,0,11,15
4639,0,5,0,0,0
4640,0,0,0,0,2
4641,0,10,17,0,2
4642,0,1,1,33,0
4643,2,0,0,0,157
4644,0,34,5,3,0
4645,20,0,4,36,0
4646,5,65,33,9,5
4647,0,7,0,8,15
4648,0,0,0,36,0
4649,7,1,0,0,0
4650,0,0,0,0,0
4651,30,4,30,0,7
4652,0,0,0,0,0
4653,2,0,0,5,0
4654,14,4,0,0,6
4655,0,0,10,0,2
4656,0,1,0,0,21
4657,8,1,6,0,0
4658,8,4,0,0,0
4659,2,7,0,3,0
4660,0,2,3,0,5
4661,15,0,0,0,10
4662,2,0,0,2,3
4663,0,0,88,1,7
4664,0,0,0,1,0
4665,0,0,0,0,4
4666,0,21,0,0,5
4667,23,1,3,0,0
4668,0,0,0,11,0
4669,0,2,3,9,0
4670,0,31,2,0,4
4671,0,11,0,0,0
4672,0,0,0,3,0
4673,0,3,0,2,3
4674,0,1,6,0,204
4675,4,0,9,29,4
4676,0,3,0,0,0
4677,4,0,83,35,27
4678,0,10,0,0,0
4679,0,0,0,1,0
4680,78,0,1,2,0
4681,0,0,0,9,0
4682,0,0,0,0,130
4683,4,16,32,0,5
4684,0,0,0,0,0
4685,0,0,0,0,0
4686,0,1,5,0,0
4687,10,1,8,0,8
4688,4,9,0,1,0
4689,0,11,2,0,1
4690,0,4,1,19,6
4691,21,0,1,0,18
4692,1,0,46,3,6
4693,0,0,9,0,0
4694,7,6,0,0,0
4695,1,5,0,9,1
4696,0,1,0,2,49
4697,0,0,3,0,0
4698,0,0,0,0,0
4699,0,1,0,0,0
4700,0,4,0,0,0
4701,8,0,1,2,0
4702,0,0,1,4,0
4703,2,0,0,0,0
4704,0,38,0,0,1
4705,0,0,0,0,13
4706,1,0,1,0,0
4707,23,0,2,0,33
4708,22,0,0,2,0
4709,0,0,4,0,16
4710,0,0,25,0,0
4711,0,7,30,0,0
4712,17,18,49,12,0
4713,0,1,0,1,33
4714,0,0,81,1,0
4715,0,0,20,30,0
4716,1,0,0,0,0
4717,0,3,2,5,3
4718,48,0,0,1,0
4719,30,0,0,14,10
4720,0,0,2,0,2
4721,0,40,51,4,15
4722,0,7,0,0,114
4723,9,0,1,0,0
4724,0,0,0,0,0
4725,12,64,21,0,2
4726,0,0,0,0,42
4727,0,0,50,2,0
4728,19,1,0,0,3
4729,0,4,0,0,0
4730,21,0,0,0,0
4731,0,0,0,0,8
4732,0,33,2,0,1
4733,0,0,1,0,0
4734,0,45,1,7,0
4735,1,1,8,1,1
4736,0,5,29,0,23
4737,1,5,0,1,123
4738,2,48,8,0,0
4739,2,8,14,2,1
4740,0,0,14,2,0
4741,0,0,0,0,7
4742,6,0,30,0,0
4743,0,0,6,0,3
4744,0,0,14,17,0
4745,33,0,18,7,0
4746,0,0,3,0,26
4747,0,0,6,0,0
4748,6,0,4,1,0
4749,16,0,6,0,0
4750,0,0,0,2,0
4751,2,1,0,7,0
4752,0,0,0,9,0
4753,3,0,22,0,10
4754,5,0,7,0,4
4755,0,1,0,0,4
4756,17,0,0,0,3
4757,0,0,4,3,21
4758,0,0,30,14,1
4759,0,48,0,0,12
4760,1,9,0,0,3
4761,0,0,0,0,0
4762,18,1,11,103,0
4763,7,0,3,12,0
4764,1,0,13,0,4
4765,1,0,0,0,33
4766,0,47,1,0,207
4767,0,0,4,0,0
4768,0,0,14,0,0
4769,0,0,0,2,4
4770,2,0,1,0,0
4771,7,0,36,87,2
4772,0,3,0,1,22
4773,6,1,1,10,0
4774,1,6,0,0,14
4775,1,5,0,0,0
4776,0,0,0,8,1
4777,0,137,1,2,0
4778,0,0,19,0,0
4779,2,2,0,0,15
4780,18,32,31,0,4
4781,0,0,1,3,0
4782,0,2,7,169,64
4783,2,16,0,0,0
4784,0,0,0,0,0
4785,12,0,0,0,5
4786,0,0,15,0,1
4787,0,0,3,0,0
4788,9,0,0,0,8
4789,8,0,0,0,4
4790,0,0,0,3,0
4791,0,1,0,0,0
4792,0,11,3,1,0
4793,10,1,0,0,0
4794,0,0,0,0,0
4795,12,13,0,0,0
4796,0,0,2,14,0
4797,0,0,117,0,35
4798,8,46,8,0,38
4799,0,0,0,0,0
4800,5,3,0,8,0
4801,0,0,1,0,0
4802,123,0,7,16,1
4803,6,11,0,0,8
4804,7,10,5,0,93
4805,7,0,1,0,0
4806,0,0,0,4,0
4807,14,0,27,0,0
4808,0,2,100,0,26
4809,0,0,0,3,1
4810,0,0,0,0,0
4811,4,4,0,8,0
4812,0,0,0,0,5
4813,0,0,5,0,1
4814,0,11,0,0,3
4815,2,0,0,0,68
4816,67,0,0,0,0
4817,8,3,5,26,1
4818,0,0,13,2,0
4819,1,0,13,34,0
4820,9,0,0,31,24
4821,34,2,0,0,0
4822,0,0,0,75,2
4823,30,1,0,1,1
4824,0,0,0,0,6
4825,0,0,0,0,0
4826,0,1,0,0,2
4827,0,1,2,0,11
4828,35,0,3,0,37
4829,0,57,1,0,0
4830,10,0,3,0,0
4831,2,0,0,0,9
4832,0,2,4,0,0
4833,32,0,13,0,0
4834,4,0,1,0,6
4835,3,0,0,0,1
4836,0,5,0,4,0
4837,0,0,4,27,0
4838,0,1,0,0,0
4839,46,0,0,4,0
4840,5,0,0,2,0
4841,7,0,8,0,0
4842,0,0,0,0,5
4843,71,0,0,4,0
4844,0,0,0,0,0
4845,0,0,2,0,2
4846,0,0,2,0,51
4847,0,0,0,0,9
4848,0,0,6,0,2
4849,0,0,0,2,0
4850,29,1,0,0,0
4851,0,0,0,3,0
4852,1,0,0,0,1
4853,0,92,0,100,0
4854,0,0,0,0,1
4855,2,0,0,27,0
4856,8,16,0,1,0
4857,0,0,0,0,0
4858,0,0,0,0,0
4859,0,0,0,4,0
4860,0,12,4,11,23
4861,0,0,0,2,1
4862,2,33,0,3,4
4863,0,1,0,0,9
4864,8,0,1,0,0
4865,16,0,34,0,1
4866,9,12,0,0,0
4867,1,0,0,0,5
4868,0,0,2,0,0
4869,0,0,0,0,1
4870,0,0,8,0,0
4871,0,0,6,3,1
4872,6,0,1,1,5
4873,0,0,0,2,3
4874,0,0,3,0,0
4875,6,0,1,1,0
4876,0,0,6,0,14
4877,0,0,11,0,0
4878,1,1,8,0,0
4879,0,0,32,151,0
4880,0,1,0,1,0
4881,3,0,1,0,0
4882,0,3,31,0,7
4883,7,2,0,3,0
4884,2,2,3,0,0
4885,24,10,0,0,0
4886,0,0,1,3,0
4887,0,0,3,12,0
4888,3,1,0,0,0
4889,3,0,0,0,0
4890,0,51,0,0,0
4891,3,9,0,0,0
4892,0,0,0,0,2
4893,0,0,28,0,0
4894,0,0,0,1,33
4895,0,0,8,0,2
4896,0,8,0,1,0
4897,7,1,0,0,44
4898,0,22,0,0,0
4899,0,18,0,2,1
4900,2,0,0,7,0
4901,0,0,0,23,0
4902,0,0,0,0,3
4903,0,4,2,5,0
4904,0,44,1,0,0
4905,48,2,5,0,0
4906,109,1,1,4,17
4907,0,2,0,1,0
4908,0,0,0,0,0
4909,0,7,0,1,0
4910,0,0,0,0,0
4911,0,1,0,0,2
4912,0,4,6,0,1
4913,19,0,20,11,8
4914,9,0,0,6,0
4915,0,0,0,2,0
4916,7,0,21,0,38
4917,0,9,0,8,0
4918,17,21,0,3,1
4919,0,17,0,0,0
4920,38,2,0,0,2
4921,0,2,51,58,15
4922,0,1,0,0,3
4923,98,72,9,22,7
4924,3,4,11,0,2
4925,5,13,0,0,15
4926,18,82,7,0,0
4927,0,0,0,1,1
4928,3,41,1,0,0
4929,0,0,0,97,0
4930,0,0,5,0,0
4931,0,0,9,1,4
4932,0,2,0,0,4
4933,2,0,0,10,0
4934,11,64,0,0,0
4935,4,17,0,0,0
4936,13,0,0,0,0
4937,18,0,0,0,1
4938,24,0,49,0,4
4939,0,5,0,0,2
4940,5,0,1,12,45
4941,0,0,0,0,0
4942,0,0,0,0,7
4943,0,0,9,0,4
4944,22,0,0,0,0
4945,3,0,8,0,22
4946,0,1,35,8,0
4947,0,0,0,0,15
4948,13,0,2,0,5
4949,1,29,0,0,0
4950,0,0,0,27,0
4951,0,0,1,0,4
4952,3,3,0,0,0
4953,0,0,0,3,0
4954,0,0,1,0,19
4955,0,4,22,1,23
4956,6,32,7,1,2
4957,0,4,13,3,0
4958,2,10,0,0,0
4959,0,0,0,0,0
4960,0,0,1,25,0
4961,3,3,0,3,0
4962,3,1,1,0,0
4963,0,4,0,1,0
4964,1,0,5,18,0
4965,0,7,12,0,0
4966,0,0,0,0,0
4967,1,13,3,4,0
4968,0,0,47,0,6
4969,13,25,1,108,0
4970,0,0,1,1,3
4971,6,0,4,0,1
4972,0,0,0,0,0
4973,29,1,0,6,5
4974,1,0,8,0,8
4975,13,83,0,55,24
4976,0,0,0,0,18
4977,0,0,3,1,12
4978,40,0,0,0,0
4979,0,7,0,5,0
4980,3,9,0,3,0
4981,2,0,12,2,0
4982,0,0,18,0,0
4983,0,0,4,0,2
4984,0,8,11,12,2
4985,22,0,5,19,0
4986,20,3,0,13,2
4987,0,0,1,0,0
4988,0,1,8,1,1
4989,1,0,0,0,0
4990,0,0,1,0,0
4991,2,9,0,11,18
4992,6,1,0,2,0
4993,5,13,0,4,0
4994,0,0,0,10,25
4995,0,0,0,2,6
4996,0,0,0,15,26
4997,0,0,0,0,0
4998,56,4,4,76,40
4999,17,2,6,0,0
5000,9,89,3,0,222
