definition,heatwave_days,event_count,total_intensity,mean_duration,max_duration,year
operational_36c_1d,12,4,9.965103,3,7,1972
operational_36c_1d,17,5,14.737227,3.4,13,1973
operational_36c_1d,0,0,0,0,0,1974
operational_36c_1d,19,4,29.968074,4.75,7,1975
operational_36c_1d,14,4,10.775951,3.5,7,1976
operational_36c_1d,0,0,0,0,0,1977
operational_36c_1d,0,0,0,0,0,1978
operational_36c_1d,32,7,63.083595,4.571428571,13,1979
operational_36c_1d,9,4,11.813818,2.25,5,1980
operational_36c_1d,0,0,0,0,0,1981
operational_36c_1d,4,2,0.981701,2,2,1982
operational_36c_1d,0,0,0,0,0,1983
operational_36c_1d,4,4,2.541698,1,1,1984
operational_36c_1d,1,1,0.340424,1,1,1985
operational_36c_1d,6,3,4.772548,2,4,1986
operational_36c_1d,9,4,8.253826,2.25,5,1987
operational_36c_1d,6,4,3.682548,1.5,2,1988
operational_36c_1d,12,7,6.975097,1.714285714,3,1989
operational_36c_1d,0,0,0,0,0,1990
operational_36c_1d,3,1,1.331275,3,3,1991
operational_36c_1d,19,6,15.278072,3.166666667,7,1992
operational_36c_1d,0,0,0,0,0,1993
operational_36c_1d,0,0,0,0,0,1994
operational_36c_1d,17,7,12.817222,2.428571429,6,1995
operational_36c_1d,3,1,3.301273,3,3,1996
operational_36c_1d,0,0,0,0,0,1997
operational_36c_1d,0,0,0,0,0,1998
operational_36c_1d,13,3,6.805526,4.333333333,6,1999
operational_36c_1d,0,0,0,0,0,2000
operational_36c_1d,3,2,1.811275,1.5,2,2001
operational_36c_1d,0,0,0,0,0,2002
operational_36c_1d,0,0,0,0,0,2003
operational_36c_1d,2,1,0.580849,2,2,2004
operational_36c_1d,0,0,0,0,0,2005
operational_36c_1d,2,2,2.040848,1,1,2006
operational_36c_1d,5,3,1.122124,1.666666667,2,2007
operational_36c_1d,11,2,9.394672,5.5,6,2008
operational_36c_1d,12,5,11.395099,2.4,6,2009
operational_36c_1d,23,7,16.419774,3.285714286,8,2010
operational_36c_1d,0,0,0,0,0,2011
operational_36c_1d,3,3,0.741276,1,1,2012
operational_36c_1d,4,2,2.901696,2,2,2013
operational_36c_1d,16,4,13.576803,4,7,2014
operational_36c_1d,0,0,0,0,0,2015
operational_36c_1d,9,4,5.203819,2.25,4,2016
operational_36c_1d,0,0,0,0,0,2017
operational_36c_1d,1,1,0.700424,1,1,2018
operational_36c_1d,6,5,0.842545,1.2,2,2019
operational_36c_1d,1,1,0.550426,1,1,2020
operational_36c_1d,16,6,10.576795,2.666666667,6,2021
operational_36c_1d,1,1,0.130424,1,1,2022
operational_36c_1d,33,7,50.634011,4.714285714,13,2023
operational_36c_1d,29,9,32.992326,3.222222222,15,2024
persistent_36c_2d,10,2,9.694252,5,7,1972
persistent_36c_2d,13,1,13.66553,13,13,1973
persistent_36c_2d,0,0,0,0,0,1974
persistent_36c_2d,18,3,29.78765,6,7,1975
persistent_36c_2d,13,3,10.695526,4.333333333,7,1976
persistent_36c_2d,0,0,0,0,0,1977
persistent_36c_2d,0,0,0,0,0,1978
persistent_36c_2d,31,6,62.703171,5.166666667,13,1979
persistent_36c_2d,7,2,10.772971,3.5,5,1980
persistent_36c_2d,0,0,0,0,0,1981
persistent_36c_2d,4,2,0.981701,2,2,1982
persistent_36c_2d,0,0,0,0,0,1983
persistent_36c_2d,0,0,0,0,0,1984
persistent_36c_2d,0,0,0,0,0,1985
persistent_36c_2d,4,1,3.741698,4,4,1986
persistent_36c_2d,7,2,6.532975,3.5,5,1987
persistent_36c_2d,4,2,2.851699,2,2,1988
persistent_36c_2d,8,3,6.353401,2.666666667,3,1989
persistent_36c_2d,0,0,0,0,0,1990
persistent_36c_2d,3,1,1.331275,3,3,1991
persistent_36c_2d,16,3,14.376796,5.333333333,7,1992
persistent_36c_2d,0,0,0,0,0,1993
persistent_36c_2d,0,0,0,0,0,1994
persistent_36c_2d,13,3,10.935523,4.333333333,6,1995
persistent_36c_2d,3,1,3.301273,3,3,1996
persistent_36c_2d,0,0,0,0,0,1997
persistent_36c_2d,0,0,0,0,0,1998
persistent_36c_2d,13,3,6.805526,4.333333333,6,1999
persistent_36c_2d,0,0,0,0,0,2000
persistent_36c_2d,2,1,1.23085,2,2,2001
persistent_36c_2d,0,0,0,0,0,2002
persistent_36c_2d,0,0,0,0,0,2003
persistent_36c_2d,2,1,0.580849,2,2,2004
persistent_36c_2d,0,0,0,0,0,2005
persistent_36c_2d,0,0,0,0,0,2006
persistent_36c_2d,4,2,0.8517,2,2,2007
persistent_36c_2d,11,2,9.394672,5.5,6,2008
persistent_36c_2d,9,2,10.363827,4.5,6,2009
persistent_36c_2d,19,3,15.388074,6.333333333,8,2010
persistent_36c_2d,0,0,0,0,0,2011
persistent_36c_2d,0,0,0,0,0,2012
persistent_36c_2d,4,2,2.901696,2,2,2013
persistent_36c_2d,15,3,12.646379,5,7,2014
persistent_36c_2d,0,0,0,0,0,2015
persistent_36c_2d,7,2,4.792972,3.5,4,2016
persistent_36c_2d,0,0,0,0,0,2017
persistent_36c_2d,0,0,0,0,0,2018
persistent_36c_2d,2,1,0.10085,2,2,2019
persistent_36c_2d,0,0,0,0,0,2020
persistent_36c_2d,14,4,9.715947,3.5,6,2021
persistent_36c_2d,0,0,0,0,0,2022
persistent_36c_2d,30,4,49.222737,7.5,13,2023
persistent_36c_2d,24,4,29.340199,6,15,2024
persistent_36c_3d,10,2,9.694252,5,7,1972
persistent_36c_3d,13,1,13.66553,13,13,1973
persistent_36c_3d,0,0,0,0,0,1974
persistent_36c_3d,18,3,29.78765,6,7,1975
persistent_36c_3d,11,2,10.014675,5.5,7,1976
persistent_36c_3d,0,0,0,0,0,1977
persistent_36c_3d,0,0,0,0,0,1978
persistent_36c_3d,27,4,61.471474,6.75,13,1979
persistent_36c_3d,5,1,9.112121,5,5,1980
persistent_36c_3d,0,0,0,0,0,1981
persistent_36c_3d,0,0,0,0,0,1982
persistent_36c_3d,0,0,0,0,0,1983
persistent_36c_3d,0,0,0,0,0,1984
persistent_36c_3d,0,0,0,0,0,1985
persistent_36c_3d,4,1,3.741698,4,4,1986
persistent_36c_3d,5,1,6.462124,5,5,1987
persistent_36c_3d,0,0,0,0,0,1988
persistent_36c_3d,6,2,6.092553,3,3,1989
persistent_36c_3d,0,0,0,0,0,1990
persistent_36c_3d,3,1,1.331275,3,3,1991
persistent_36c_3d,14,2,12.915946,7,7,1992
persistent_36c_3d,0,0,0,0,0,1993
persistent_36c_3d,0,0,0,0,0,1994
persistent_36c_3d,13,3,10.935523,4.333333333,6,1995
persistent_36c_3d,3,1,3.301273,3,3,1996
persistent_36c_3d,0,0,0,0,0,1997
persistent_36c_3d,0,0,0,0,0,1998
persistent_36c_3d,13,3,6.805526,4.333333333,6,1999
persistent_36c_3d,0,0,0,0,0,2000
persistent_36c_3d,0,0,0,0,0,2001
persistent_36c_3d,0,0,0,0,0,2002
persistent_36c_3d,0,0,0,0,0,2003
persistent_36c_3d,0,0,0,0,0,2004
persistent_36c_3d,0,0,0,0,0,2005
persistent_36c_3d,0,0,0,0,0,2006
persistent_36c_3d,0,0,0,0,0,2007
persistent_36c_3d,11,2,9.394672,5.5,6,2008
persistent_36c_3d,9,2,10.363827,4.5,6,2009
persistent_36c_3d,19,3,15.388074,6.333333333,8,2010
persistent_36c_3d,0,0,0,0,0,2011
persistent_36c_3d,0,0,0,0,0,2012
persistent_36c_3d,0,0,0,0,0,2013
persistent_36c_3d,15,3,12.646379,5,7,2014
persistent_36c_3d,0,0,0,0,0,2015
persistent_36c_3d,7,2,4.792972,3.5,4,2016
persistent_36c_3d,0,0,0,0,0,2017
persistent_36c_3d,0,0,0,0,0,2018
persistent_36c_3d,0,0,0,0,0,2019
persistent_36c_3d,0,0,0,0,0,2020
persistent_36c_3d,12,3,9.015099,4,6,2021
persistent_36c_3d,0,0,0,0,0,2022
persistent_36c_3d,28,3,47.661889,9.333333333,13,2023
persistent_36c_3d,24,4,29.340199,6,15,2024
relative_90p_3d,37,7,52.3610006,5.571428571,10,1972
relative_90p_3d,27,4,23.4880039,6.25,13,1973
relative_90p_3d,9,3,4.8650028,3,3,1974
relative_90p_3d,19,3,36.3960008,6.333333333,7,1975
relative_90p_3d,24,6,16.8400056,4,7,1976
relative_90p_3d,3,1,2.6550001,3,3,1977
relative_90p_3d,8,2,4.0949953,4,5,1978
relative_90p_3d,51,8,100.1039965,6.375,20,1979
relative_90p_3d,8,2,11.8589952,4,5,1980
relative_90p_3d,3,1,2.7160049,3,3,1981
relative_90p_3d,11,3,8.0010011,3.666666667,4,1982
relative_90p_3d,3,1,2.229999,3,3,1983
relative_90p_3d,10,3,6.2859845,3.333333333,4,1984
relative_90p_3d,16,3,11.92499,5.333333333,8,1985
relative_90p_3d,13,3,11.1830029,4.333333333,5,1986
relative_90p_3d,33,7,23.2640012,4.714285714,9,1987
relative_90p_3d,3,1,0.6079982,3,3,1988
relative_90p_3d,6,2,4.7910031,3,3,1989
relative_90p_3d,10,3,5.815004,3.333333333,4,1990
relative_90p_3d,9,2,6.5719989,4.5,6,1991
relative_90p_3d,27,7,17.3369936,3.857142857,7,1992
relative_90p_3d,6,2,6.0840007,4,5,1993
relative_90p_3d,8,2,3.2390047,3,3,1994
relative_90p_3d,18,4,16.1880001,4.5,6,1995
relative_90p_3d,6,2,6.8049961,3,3,1996
relative_90p_3d,6,2,3.051996,3,3,1997
relative_90p_3d,26,5,21.4840066,5.2,10,1998
relative_90p_3d,37,10,22.723,3.7,5,1999
relative_90p_3d,7,2,6.1870027,3.5,4,2000
relative_90p_3d,7,2,2.7029976,3.5,4,2001
relative_90p_3d,6,2,1.980999,3,3,2002
relative_90p_3d,7,2,4.3029997,3.5,4,2003
relative_90p_3d,4,1,2.8989992,4,4,2004
relative_90p_3d,6,2,1.9650013,3,3,2005
relative_90p_3d,23,6,24.6209865,3.833333333,7,2006
relative_90p_3d,16,4,5.6349954,4,5,2007
relative_90p_3d,35,5,26.082998,7,10,2008
relative_90p_3d,73,15,56.0989931,4.866666667,10,2009
relative_90p_3d,60,13,43.0509907,4.615384615,7,2010
relative_90p_3d,27,7,24.6639963,4,6,2011
relative_90p_3d,28,7,15.1089983,3.857142857,6,2012
relative_90p_3d,31,8,24.9179945,3.875,9,2013
relative_90p_3d,47,8,48.049992,5.875,11,2014
relative_90p_3d,27,5,21.5930051,5.4,12,2015
relative_90p_3d,62,12,56.7139909,5.166666667,11,2016
relative_90p_3d,38,9,30.6360196,4.222222222,7,2017
relative_90p_3d,32,6,39.7970036,5.333333333,11,2018
relative_90p_3d,82,18,85.6069949,4.555555556,10,2019
relative_90p_3d,48,9,50.6800171,5.333333333,10,2020
relative_90p_3d,76,18,80.5929836,4.222222222,9,2021
relative_90p_3d,60,13,55.8499855,4.615384615,12,2022
relative_90p_3d,108,18,149.4099886,6,13,2023
relative_90p_3d,81,13,99.6849817,6.230769231,17,2024
relative_95p_3d,28,5,34.71350655,6,10,1972
relative_95p_3d,17,3,11.6790074,5,6,1973
relative_95p_3d,0,0,0,0,0,1974
relative_95p_3d,16,3,25.8214959,5.333333333,6,1975
relative_95p_3d,9,3,4.79399645,3,3,1976
relative_95p_3d,0,0,0,0,0,1977
relative_95p_3d,3,1,0.954501,3,3,1978
relative_95p_3d,34,5,73.71500565,6.8,16,1979
relative_95p_3d,5,1,6.29549265,5,5,1980
relative_95p_3d,3,1,1.44600255,3,3,1981
relative_95p_3d,4,1,1.4904991,4,4,1982
relative_95p_3d,3,1,1.22799755,3,3,1983
relative_95p_3d,0,0,0,0,0,1984
relative_95p_3d,6,2,3.39050355,3,3,1985
relative_95p_3d,3,1,2.4859979,3,3,1986
relative_95p_3d,15,3,6.9815043,5,7,1987
relative_95p_3d,0,0,0,0,0,1988
relative_95p_3d,3,1,1.49750135,3,3,1989
relative_95p_3d,3,1,1.7205021,3,3,1990
relative_95p_3d,3,1,1.96249975,3,3,1991
relative_95p_3d,8,2,4.64999545,4,5,1992
relative_95p_3d,0,0,0,0,0,1993
relative_95p_3d,0,0,0,0,0,1994
relative_95p_3d,9,2,8.19399825,4.5,6,1995
relative_95p_3d,3,1,3.0524981,3,3,1996
relative_95p_3d,0,0,0,0,0,1997
relative_95p_3d,13,2,9.49899355,6.5,7,1998
relative_95p_3d,9,3,4.6664998,3,3,1999
relative_95p_3d,3,1,2.60800325,3,3,2000
relative_95p_3d,0,0,0,0,0,2001
relative_95p_3d,0,0,0,0,0,2002
relative_95p_3d,3,1,1.60500145,3,3,2003
relative_95p_3d,4,1,1.1954998,4,4,2004
relative_95p_3d,0,0,0,0,0,2005
relative_95p_3d,11,3,8.2624954,3.666666667,5,2006
relative_95p_3d,0,0,0,0,0,2007
relative_95p_3d,19,5,8.51800355,3.8,6,2008
relative_95p_3d,21,6,17.4505039,3.5,4,2009
relative_95p_3d,18,5,11.7704958,3.6,5,2010
relative_95p_3d,15,4,10.66849455,4,6,2011
relative_95p_3d,4,1,0.93399975,3,3,2012
relative_95p_3d,11,2,7.82050565,5.5,8,2013
relative_95p_3d,22,6,19.948996,3.666666667,6,2014
relative_95p_3d,13,3,7.7430079,4.333333333,6,2015
relative_95p_3d,38,8,26.6514941,4.75,8,2016
relative_95p_3d,15,4,10.5325032,3.75,5,2017
relative_95p_3d,20,3,21.05400855,6.666666667,11,2018
relative_95p_3d,48,14,46.10300275,3.428571429,6,2019
relative_95p_3d,30,7,29.05400885,4.285714286,8,2020
relative_95p_3d,46,12,45.39198785,3.833333333,8,2021
relative_95p_3d,39,8,30.7439953,4.875,9,2022
relative_95p_3d,74,12,93.24448815,6.166666667,12,2023
relative_95p_3d,62,15,62.35949145,4.133333333,8,2024
compound_90p_2d,16,7,21.3329988,2.428571429,3,1972
compound_90p_2d,10,3,8.8639968,3,4,1973
compound_90p_2d,0,0,0,0,0,1974
compound_90p_2d,3,1,10.5690019,3,3,1975
compound_90p_2d,0,0,0,0,0,1976
compound_90p_2d,2,1,1.606,2,2,1977
compound_90p_2d,3,1,2.09,3,3,1978
compound_90p_2d,22,6,56.0889984,3.666666667,5,1979
compound_90p_2d,2,1,1.384002,2,2,1980
compound_90p_2d,2,1,0.749996,2,2,1981
compound_90p_2d,0,0,0,0,0,1982
compound_90p_2d,3,1,2.229999,3,3,1983
compound_90p_2d,0,0,0,0,0,1984
compound_90p_2d,7,3,2.6099989,2.333333333,3,1985
compound_90p_2d,4,2,1.4920039,2,2,1986
compound_90p_2d,15,5,12.4999997,3,4,1987
compound_90p_2d,0,0,0,0,0,1988
compound_90p_2d,0,0,0,0,0,1989
compound_90p_2d,3,1,2.6239993,3,3,1990
compound_90p_2d,2,1,1.6280009,2,2,1991
compound_90p_2d,4,2,2.8759969,2,2,1992
compound_90p_2d,5,1,4.9580028,5,5,1993
compound_90p_2d,5,2,3.1690047,2.5,3,1994
compound_90p_2d,7,2,4.7559966,3.5,5,1995
compound_90p_2d,8,3,7.7649991,2.666666667,3,1996
compound_90p_2d,2,1,1.6469977,2,2,1997
compound_90p_2d,20,4,17.9270088,5,10,1998
compound_90p_2d,10,3,4.8320025,3.333333333,5,1999
compound_90p_2d,7,3,7.3880022,2.333333333,3,2000
compound_90p_2d,6,3,2.9929965,2,2,2001
compound_90p_2d,5,2,1.891999,2.5,3,2002
compound_90p_2d,3,1,3.0149975,3,3,2003
compound_90p_2d,2,1,0.8890002,2,2,2004
compound_90p_2d,4,2,2.6239998,2,2,2005
compound_90p_2d,15,4,18.1659937,3.75,7,2006
compound_90p_2d,19,7,11.3429995,2.714285714,5,2007
compound_90p_2d,10,2,5.2039963,5,8,2008
compound_90p_2d,36,10,37.5699898,3.6,10,2009
compound_90p_2d,43,13,33.2670028,3.307692308,7,2010
compound_90p_2d,12,5,14.2089937,2.4,3,2011
compound_90p_2d,11,5,5.7739987,2.2,3,2012
compound_90p_2d,13,5,12.3690031,2.6,3,2013
compound_90p_2d,26,7,24.5429866,3.714285714,8,2014
compound_90p_2d,18,8,19.2570043,2.25,3,2015
compound_90p_2d,41,13,41.1910009,3.153846154,6,2016
compound_90p_2d,35,11,26.3920142,3.181818182,7,2017
compound_90p_2d,26,8,31.1769959,3.25,6,2018
compound_90p_2d,48,13,62.6510025,3.692307692,9,2019
compound_90p_2d,42,12,48.5100113,3.5,10,2020
compound_90p_2d,41,12,51.1410015,3.416666667,7,2021
compound_90p_2d,28,7,30.7059949,4,12,2022
compound_90p_2d,73,17,106.1739807,4.294117647,9,2023
compound_90p_2d,70,14,92.3749849,5,14,2024
