iso,adm1,Tree_Cover_Loss_Year,umd_tree_cover_loss__ha,gfw_gross_emissions_co2e_all_gases__Mg_x,Alert_Year,alert__week,alert__count,confidence__cat,gfw_net_flux_co2e__Mg,gfw_gross_cumulative_aboveground_belowground_co2_removals__Mg,gfw_gross_emissions_co2e_all_gases__Mg_y,includes_gain_pixels,umd_global_land_cover__ipcc_class,wri_tropical_tree_cover_extent__ha
BGD,3,2001,276.320376140015,113376.889629169,,,,,-11808021.0904628,14271412.5345474,2463391.44534861,True,Cropland,91326.4116573039
BGD,3,2001,276.320376140015,113376.889629169,,,,,-11808021.0904628,14271412.5345474,2463391.44534861,True,Forest,131978.601005766
BGD,3,2001,276.320376140015,113376.889629169,,,,,-11808021.0904628,14271412.5345474,2463391.44534861,True,Grassland,19641.6542683522
BGD,3,2001,276.320376140015,113376.889629169,,,,,-11808021.0904628,14271412.5345474,2463391.44534861,True,Other,10320.6433780852
BGD,3,2001,276.320376140015,113376.889629169,,,,,-11808021.0904628,14271412.5345474,2463391.44534861,True,Settlements,659668.97527564
BGD,3,2001,276.320376140015,113376.889629169,,,,,-11808021.0904628,14271412.5345474,2463391.44534861,True,Wetlands,81017.4444702508
BGD,3,2002,402.491398238288,161807.477483987,,,,,-11808021.0904628,14271412.5345474,2463391.44534861,True,Cropland,91326.4116573039
BGD,3,2002,402.491398238288,161807.477483987,,,,,-11808021.0904628,14271412.5345474,2463391.44534861,True,Forest,131978.601005766
BGD,3,2002,402.491398238288,161807.477483987,,,,,-11808021.0904628,14271412.5345474,2463391.44534861,True,Grassland,19641.6542683522
BGD,3,2002,402.491398238288,161807.477483987,,,,,-11808021.0904628,14271412.5345474,2463391.44534861,True,Other,10320.6433780852
BGD,3,2002,402.491398238288,161807.477483987,,,,,-11808021.0904628,14271412.5345474,2463391.44534861,True,Settlements,659668.97527564
BGD,3,2002,402.491398238288,161807.477483987,,,,,-11808021.0904628,14271412.5345474,2463391.44534861,True,Wetlands,81017.4444702508
BGD,3,2003,58.907113201275,22725.7232747469,,,,,-11808021.0904628,14271412.5345474,2463391.44534861,True,Cropland,91326.4116573039
BGD,3,2003,58.907113201275,22725.7232747469,,,,,-11808021.0904628,14271412.5345474,2463391.44534861,True,Forest,131978.601005766
BGD,3,2003,58.907113201275,22725.7232747469,,,,,-11808021.0904628,14271412.5345474,2463391.44534861,True,Grassland,19641.6542683522
BGD,3,2003,58.907113201275,22725.7232747469,,,,,-11808021.0904628,14271412.5345474,2463391.44534861,True,Other,10320.6433780852
BGD,3,2003,58.907113201275,22725.7232747469,,,,,-11808021.0904628,14271412.5345474,2463391.44534861,True,Settlements,659668.97527564
BGD,3,2003,58.907113201275,22725.7232747469,,,,,-11808021.0904628,14271412.5345474,2463391.44534861,True,Wetlands,81017.4444702508
BGD,3,2004,322.433035792532,134272.45294643,,,,,-11808021.0904628,14271412.5345474,2463391.44534861,True,Cropland,91326.4116573039
BGD,3,2004,322.433035792532,134272.45294643,,,,,-11808021.0904628,14271412.5345474,2463391.44534861,True,Forest,131978.601005766
BGD,3,2004,322.433035792532,134272.45294643,,,,,-11808021.0904628,14271412.5345474,2463391.44534861,True,Grassland,19641.6542683522
BGD,3,2004,322.433035792532,134272.45294643,,,,,-11808021.0904628,14271412.5345474,2463391.44534861,True,Other,10320.6433780852
BGD,3,2004,322.433035792532,134272.45294643,,,,,-11808021.0904628,14271412.5345474,2463391.44534861,True,Settlements,659668.97527564
BGD,3,2004,322.433035792532,134272.45294643,,,,,-11808021.0904628,14271412.5345474,2463391.44534861,True,Wetlands,81017.4444702508
BGD,3,2005,265.372930615962,110277.95693576,,,,,-11808021.0904628,14271412.5345474,2463391.44534861,True,Cropland,91326.4116573039
BGD,3,2005,265.372930615962,110277.95693576,,,,,-11808021.0904628,14271412.5345474,2463391.44534861,True,Forest,131978.601005766
BGD,3,2005,265.372930615962,110277.95693576,,,,,-11808021.0904628,14271412.5345474,2463391.44534861,True,Grassland,19641.6542683522
BGD,3,2005,265.372930615962,110277.95693576,,,,,-11808021.0904628,14271412.5345474,2463391.44534861,True,Other,10320.6433780852
BGD,3,2005,265.372930615962,110277.95693576,,,,,-11808021.0904628,14271412.5345474,2463391.44534861,True,Settlements,659668.97527564
BGD,3,2005,265.372930615962,110277.95693576,,,,,-11808021.0904628,14271412.5345474,2463391.44534861,True,Wetlands,81017.4444702508
BGD,3,2006,464.960372853577,192500.062408297,,,,,-11808021.0904628,14271412.5345474,2463391.44534861,True,Cropland,91326.4116573039
BGD,3,2006,464.960372853577,192500.062408297,,,,,-11808021.0904628,14271412.5345474,2463391.44534861,True,Forest,131978.601005766
BGD,3,2006,464.960372853577,192500.062408297,,,,,-11808021.0904628,14271412.5345474,2463391.44534861,True,Grassland,19641.6542683522
BGD,3,2006,464.960372853577,192500.062408297,,,,,-11808021.0904628,14271412.5345474,2463391.44534861,True,Other,10320.6433780852
BGD,3,2006,464.960372853577,192500.062408297,,,,,-11808021.0904628,14271412.5345474,2463391.44534861,True,Settlements,659668.97527564
BGD,3,2006,464.960372853577,192500.062408297,,,,,-11808021.0904628,14271412.5345474,2463391.44534861,True,Wetlands,81017.4444702508
BGD,3,2007,319.18586427811,133035.678589208,,,,,-11808021.0904628,14271412.5345474,2463391.44534861,True,Cropland,91326.4116573039
BGD,3,2007,319.18586427811,133035.678589208,,,,,-11808021.0904628,14271412.5345474,2463391.44534861,True,Forest,131978.601005766
BGD,3,2007,319.18586427811,133035.678589208,,,,,-11808021.0904628,14271412.5345474,2463391.44534861,True,Grassland,19641.6542683522
BGD,3,2007,319.18586427811,133035.678589208,,,,,-11808021.0904628,14271412.5345474,2463391.44534861,True,Other,10320.6433780852
BGD,3,2007,319.18586427811,133035.678589208,,,,,-11808021.0904628,14271412.5345474,2463391.44534861,True,Settlements,659668.97527564
BGD,3,2007,319.18586427811,133035.678589208,,,,,-11808021.0904628,14271412.5345474,2463391.44534861,True,Wetlands,81017.4444702508
BGD,3,2008,310.369366001162,125707.29023875,,,,,-11808021.0904628,14271412.5345474,2463391.44534861,True,Cropland,91326.4116573039
BGD,3,2008,310.369366001162,125707.29023875,,,,,-11808021.0904628,14271412.5345474,2463391.44534861,True,Forest,131978.601005766
BGD,3,2008,310.369366001162,125707.29023875,,,,,-11808021.0904628,14271412.5345474,2463391.44534861,True,Grassland,19641.6542683522
BGD,3,2008,310.369366001162,125707.29023875,,,,,-11808021.0904628,14271412.5345474,2463391.44534861,True,Other,10320.6433780852
BGD,3,2008,310.369366001162,125707.29023875,,,,,-11808021.0904628,14271412.5345474,2463391.44534861,True,Settlements,659668.97527564
BGD,3,2008,310.369366001162,125707.29023875,,,,,-11808021.0904628,14271412.5345474,2463391.44534861,True,Wetlands,81017.4444702508
BGD,3,2009,202.943414784353,84001.9063644787,,,,,-11808021.0904628,14271412.5345474,2463391.44534861,True,Cropland,91326.4116573039
BGD,3,2009,202.943414784353,84001.9063644787,,,,,-11808021.0904628,14271412.5345474,2463391.44534861,True,Forest,131978.601005766
BGD,3,2009,202.943414784353,84001.9063644787,,,,,-11808021.0904628,14271412.5345474,2463391.44534861,True,Grassland,19641.6542683522
BGD,3,2009,202.943414784353,84001.9063644787,,,,,-11808021.0904628,14271412.5345474,2463391.44534861,True,Other,10320.6433780852
BGD,3,2009,202.943414784353,84001.9063644787,,,,,-11808021.0904628,14271412.5345474,2463391.44534861,True,Settlements,659668.97527564
BGD,3,2009,202.943414784353,84001.9063644787,,,,,-11808021.0904628,14271412.5345474,2463391.44534861,True,Wetlands,81017.4444702508
BGD,3,2010,377.004088227551,144033.847112004,,,,,-11808021.0904628,14271412.5345474,2463391.44534861,True,Cropland,91326.4116573039
BGD,3,2010,377.004088227551,144033.847112004,,,,,-11808021.0904628,14271412.5345474,2463391.44534861,True,Forest,131978.601005766
BGD,3,2010,377.004088227551,144033.847112004,,,,,-11808021.0904628,14271412.5345474,2463391.44534861,True,Grassland,19641.6542683522
BGD,3,2010,377.004088227551,144033.847112004,,,,,-11808021.0904628,14271412.5345474,2463391.44534861,True,Other,10320.6433780852
BGD,3,2010,377.004088227551,144033.847112004,,,,,-11808021.0904628,14271412.5345474,2463391.44534861,True,Settlements,659668.97527564
BGD,3,2010,377.004088227551,144033.847112004,,,,,-11808021.0904628,14271412.5345474,2463391.44534861,True,Wetlands,81017.4444702508
BGD,3,2011,278.313499262119,108881.440653538,,,,,-11808021.0904628,14271412.5345474,2463391.44534861,True,Cropland,91326.4116573039
BGD,3,2011,278.313499262119,108881.440653538,,,,,-11808021.0904628,14271412.5345474,2463391.44534861,True,Forest,131978.601005766
BGD,3,2011,278.313499262119,108881.440653538,,,,,-11808021.0904628,14271412.5345474,2463391.44534861,True,Grassland,19641.6542683522
BGD,3,2011,278.313499262119,108881.440653538,,,,,-11808021.0904628,14271412.5345474,2463391.44534861,True,Other,10320.6433780852
BGD,3,2011,278.313499262119,108881.440653538,,,,,-11808021.0904628,14271412.5345474,2463391.44534861,True,Settlements,659668.97527564
BGD,3,2011,278.313499262119,108881.440653538,,,,,-11808021.0904628,14271412.5345474,2463391.44534861,True,Wetlands,81017.4444702508
BGD,3,2012,211.32939049142,87665.2260510413,2012,4,1,h,-11808021.0904628,14271412.5345474,2463391.44534861,True,Cropland,91326.4116573039
BGD,3,2012,211.32939049142,87665.2260510413,2012,4,1,h,-11808021.0904628,14271412.5345474,2463391.44534861,True,Forest,131978.601005766
BGD,3,2012,211.32939049142,87665.2260510413,2012,4,1,h,-11808021.0904628,14271412.5345474,2463391.44534861,True,Grassland,19641.6542683522
BGD,3,2012,211.32939049142,87665.2260510413,2012,4,1,h,-11808021.0904628,14271412.5345474,2463391.44534861,True,Other,10320.6433780852
BGD,3,2012,211.32939049142,87665.2260510413,2012,4,1,h,-11808021.0904628,14271412.5345474,2463391.44534861,True,Settlements,659668.97527564
BGD,3,2012,211.32939049142,87665.2260510413,2012,4,1,h,-11808021.0904628,14271412.5345474,2463391.44534861,True,Wetlands,81017.4444702508
BGD,3,2012,211.32939049142,87665.2260510413,2012,11,3,h,-11808021.0904628,14271412.5345474,2463391.44534861,True,Cropland,91326.4116573039
BGD,3,2012,211.32939049142,87665.2260510413,2012,11,3,h,-11808021.0904628,14271412.5345474,2463391.44534861,True,Forest,131978.601005766
BGD,3,2012,211.32939049142,87665.2260510413,2012,11,3,h,-11808021.0904628,14271412.5345474,2463391.44534861,True,Grassland,19641.6542683522
BGD,3,2012,211.32939049142,87665.2260510413,2012,11,3,h,-11808021.0904628,14271412.5345474,2463391.44534861,True,Other,10320.6433780852
BGD,3,2012,211.32939049142,87665.2260510413,2012,11,3,h,-11808021.0904628,14271412.5345474,2463391.44534861,True,Settlements,659668.97527564
BGD,3,2012,211.32939049142,87665.2260510413,2012,11,3,h,-11808021.0904628,14271412.5345474,2463391.44534861,True,Wetlands,81017.4444702508
BGD,3,2012,211.32939049142,87665.2260510413,2012,13,2,h,-11808021.0904628,14271412.5345474,2463391.44534861,True,Cropland,91326.4116573039
BGD,3,2012,211.32939049142,87665.2260510413,2012,13,2,h,-11808021.0904628,14271412.5345474,2463391.44534861,True,Forest,131978.601005766
BGD,3,2012,211.32939049142,87665.2260510413,2012,13,2,h,-11808021.0904628,14271412.5345474,2463391.44534861,True,Grassland,19641.6542683522
BGD,3,2012,211.32939049142,87665.2260510413,2012,13,2,h,-11808021.0904628,14271412.5345474,2463391.44534861,True,Other,10320.6433780852
BGD,3,2012,211.32939049142,87665.2260510413,2012,13,2,h,-11808021.0904628,14271412.5345474,2463391.44534861,True,Settlements,659668.97527564
BGD,3,2012,211.32939049142,87665.2260510413,2012,13,2,h,-11808021.0904628,14271412.5345474,2463391.44534861,True,Wetlands,81017.4444702508
BGD,3,2012,211.32939049142,87665.2260510413,2012,14,1,h,-11808021.0904628,14271412.5345474,2463391.44534861,True,Cropland,91326.4116573039
BGD,3,2012,211.32939049142,87665.2260510413,2012,14,1,h,-11808021.0904628,14271412.5345474,2463391.44534861,True,Forest,131978.601005766
BGD,3,2012,211.32939049142,87665.2260510413,2012,14,1,h,-11808021.0904628,14271412.5345474,2463391.44534861,True,Grassland,19641.6542683522
BGD,3,2012,211.32939049142,87665.2260510413,2012,14,1,h,-11808021.0904628,14271412.5345474,2463391.44534861,True,Other,10320.6433780852
BGD,3,2012,211.32939049142,87665.2260510413,2012,14,1,h,-11808021.0904628,14271412.5345474,2463391.44534861,True,Settlements,659668.97527564
BGD,3,2012,211.32939049142,87665.2260510413,2012,14,1,h,-11808021.0904628,14271412.5345474,2463391.44534861,True,Wetlands,81017.4444702508
BGD,3,2013,66.9081678602517,28008.4793318515,2013,6,4,h,-11808021.0904628,14271412.5345474,2463391.44534861,True,Cropland,91326.4116573039
BGD,3,2013,66.9081678602517,28008.4793318515,2013,6,4,h,-11808021.0904628,14271412.5345474,2463391.44534861,True,Forest,131978.601005766
BGD,3,2013,66.9081678602517,28008.4793318515,2013,6,4,h,-11808021.0904628,14271412.5345474,2463391.44534861,True,Grassland,19641.6542683522
BGD,3,2013,66.9081678602517,28008.4793318515,2013,6,4,h,-11808021.0904628,14271412.5345474,2463391.44534861,True,Other,10320.6433780852
BGD,3,2013,66.9081678602517,28008.4793318515,2013,6,4,h,-11808021.0904628,14271412.5345474,2463391.44534861,True,Settlements,659668.97527564
BGD,3,2013,66.9081678602517,28008.4793318515,2013,6,4,h,-11808021.0904628,14271412.5345474,2463391.44534861,True,Wetlands,81017.4444702508
BGD,3,2013,66.9081678602517,28008.4793318515,2013,9,1,h,-11808021.0904628,14271412.5345474,2463391.44534861,True,Cropland,91326.4116573039
BGD,3,2013,66.9081678602517,28008.4793318515,2013,9,1,h,-11808021.0904628,14271412.5345474,2463391.44534861,True,Forest,131978.601005766
BGD,3,2013,66.9081678602517,28008.4793318515,2013,9,1,h,-11808021.0904628,14271412.5345474,2463391.44534861,True,Grassland,19641.6542683522
BGD,3,2013,66.9081678602517,28008.4793318515,2013,9,1,h,-11808021.0904628,14271412.5345474,2463391.44534861,True,Other,10320.6433780852
BGD,3,2013,66.9081678602517,28008.4793318515,2013,9,1,h,-11808021.0904628,14271412.5345474,2463391.44534861,True,Settlements,659668.97527564
BGD,3,2013,66.9081678602517,28008.4793318515,2013,9,1,h,-11808021.0904628,14271412.5345474,2463391.44534861,True,Wetlands,81017.4444702508
BGD,3,2013,66.9081678602517,28008.4793318515,2013,13,2,h,-11808021.0904628,14271412.5345474,2463391.44534861,True,Cropland,91326.4116573039
BGD,3,2013,66.9081678602517,28008.4793318515,2013,13,2,h,-11808021.0904628,14271412.5345474,2463391.44534861,True,Forest,131978.601005766
BGD,3,2013,66.9081678602517,28008.4793318515,2013,13,2,h,-11808021.0904628,14271412.5345474,2463391.44534861,True,Grassland,19641.6542683522
BGD,3,2013,66.9081678602517,28008.4793318515,2013,13,2,h,-11808021.0904628,14271412.5345474,2463391.44534861,True,Other,10320.6433780852
BGD,3,2013,66.9081678602517,28008.4793318515,2013,13,2,h,-11808021.0904628,14271412.5345474,2463391.44534861,True,Settlements,659668.97527564
BGD,3,2013,66.9081678602517,28008.4793318515,2013,13,2,h,-11808021.0904628,14271412.5345474,2463391.44534861,True,Wetlands,81017.4444702508
BGD,3,2013,66.9081678602517,28008.4793318515,2013,14,1,h,-11808021.0904628,14271412.5345474,2463391.44534861,True,Cropland,91326.4116573039
BGD,3,2013,66.9081678602517,28008.4793318515,2013,14,1,h,-11808021.0904628,14271412.5345474,2463391.44534861,True,Forest,131978.601005766
BGD,3,2013,66.9081678602517,28008.4793318515,2013,14,1,h,-11808021.0904628,14271412.5345474,2463391.44534861,True,Grassland,19641.6542683522
BGD,3,2013,66.9081678602517,28008.4793318515,2013,14,1,h,-11808021.0904628,14271412.5345474,2463391.44534861,True,Other,10320.6433780852
BGD,3,2013,66.9081678602517,28008.4793318515,2013,14,1,h,-11808021.0904628,14271412.5345474,2463391.44534861,True,Settlements,659668.97527564
BGD,3,2013,66.9081678602517,28008.4793318515,2013,14,1,h,-11808021.0904628,14271412.5345474,2463391.44534861,True,Wetlands,81017.4444702508
BGD,3,2013,66.9081678602517,28008.4793318515,2013,16,1,h,-11808021.0904628,14271412.5345474,2463391.44534861,True,Cropland,91326.4116573039
BGD,3,2013,66.9081678602517,28008.4793318515,2013,16,1,h,-11808021.0904628,14271412.5345474,2463391.44534861,True,Forest,131978.601005766
BGD,3,2013,66.9081678602517,28008.4793318515,2013,16,1,h,-11808021.0904628,14271412.5345474,2463391.44534861,True,Grassland,19641.6542683522
BGD,3,2013,66.9081678602517,28008.4793318515,2013,16,1,h,-11808021.0904628,14271412.5345474,2463391.44534861,True,Other,10320.6433780852
BGD,3,2013,66.9081678602517,28008.4793318515,2013,16,1,h,-11808021.0904628,14271412.5345474,2463391.44534861,True,Settlements,659668.97527564
BGD,3,2013,66.9081678602517,28008.4793318515,2013,16,1,h,-11808021.0904628,14271412.5345474,2463391.44534861,True,Wetlands,81017.4444702508
BGD,3,2014,182.786651908284,74733.8135628419,2014,7,2,h,-11808021.0904628,14271412.5345474,2463391.44534861,True,Cropland,91326.4116573039
BGD,3,2014,182.786651908284,74733.8135628419,2014,7,2,h,-11808021.0904628,14271412.5345474,2463391.44534861,True,Forest,131978.601005766
BGD,3,2014,182.786651908284,74733.8135628419,2014,7,2,h,-11808021.0904628,14271412.5345474,2463391.44534861,True,Grassland,19641.6542683522
BGD,3,2014,182.786651908284,74733.8135628419,2014,7,2,h,-11808021.0904628,14271412.5345474,2463391.44534861,True,Other,10320.6433780852
BGD,3,2014,182.786651908284,74733.8135628419,2014,7,2,h,-11808021.0904628,14271412.5345474,2463391.44534861,True,Settlements,659668.97527564
BGD,3,2014,182.786651908284,74733.8135628419,2014,7,2,h,-11808021.0904628,14271412.5345474,2463391.44534861,True,Wetlands,81017.4444702508
BGD,3,2014,182.786651908284,74733.8135628419,2014,12,1,h,-11808021.0904628,14271412.5345474,2463391.44534861,True,Cropland,91326.4116573039
BGD,3,2014,182.786651908284,74733.8135628419,2014,12,1,h,-11808021.0904628,14271412.5345474,2463391.44534861,True,Forest,131978.601005766
BGD,3,2014,182.786651908284,74733.8135628419,2014,12,1,h,-11808021.0904628,14271412.5345474,2463391.44534861,True,Grassland,19641.6542683522
BGD,3,2014,182.786651908284,74733.8135628419,2014,12,1,h,-11808021.0904628,14271412.5345474,2463391.44534861,True,Other,10320.6433780852
BGD,3,2014,182.786651908284,74733.8135628419,2014,12,1,h,-11808021.0904628,14271412.5345474,2463391.44534861,True,Settlements,659668.97527564
BGD,3,2014,182.786651908284,74733.8135628419,2014,12,1,h,-11808021.0904628,14271412.5345474,2463391.44534861,True,Wetlands,81017.4444702508
BGD,3,2014,182.786651908284,74733.8135628419,2014,13,2,h,-11808021.0904628,14271412.5345474,2463391.44534861,True,Cropland,91326.4116573039
BGD,3,2014,182.786651908284,74733.8135628419,2014,13,2,h,-11808021.0904628,14271412.5345474,2463391.44534861,True,Forest,131978.601005766
BGD,3,2014,182.786651908284,74733.8135628419,2014,13,2,h,-11808021.0904628,14271412.5345474,2463391.44534861,True,Grassland,19641.6542683522
BGD,3,2014,182.786651908284,74733.8135628419,2014,13,2,h,-11808021.0904628,14271412.5345474,2463391.44534861,True,Other,10320.6433780852
BGD,3,2014,182.786651908284,74733.8135628419,2014,13,2,h,-11808021.0904628,14271412.5345474,2463391.44534861,True,Settlements,659668.97527564
BGD,3,2014,182.786651908284,74733.8135628419,2014,13,2,h,-11808021.0904628,14271412.5345474,2463391.44534861,True,Wetlands,81017.4444702508
BGD,3,2015,85.4091183234104,37261.9664960738,2015,7,2,h,-11808021.0904628,14271412.5345474,2463391.44534861,True,Cropland,91326.4116573039
BGD,3,2015,85.4091183234104,37261.9664960738,2015,7,2,h,-11808021.0904628,14271412.5345474,2463391.44534861,True,Forest,131978.601005766
BGD,3,2015,85.4091183234104,37261.9664960738,2015,7,2,h,-11808021.0904628,14271412.5345474,2463391.44534861,True,Grassland,19641.6542683522
BGD,3,2015,85.4091183234104,37261.9664960738,2015,7,2,h,-11808021.0904628,14271412.5345474,2463391.44534861,True,Other,10320.6433780852
BGD,3,2015,85.4091183234104,37261.9664960738,2015,7,2,h,-11808021.0904628,14271412.5345474,2463391.44534861,True,Settlements,659668.97527564
BGD,3,2015,85.4091183234104,37261.9664960738,2015,7,2,h,-11808021.0904628,14271412.5345474,2463391.44534861,True,Wetlands,81017.4444702508
BGD,3,2015,85.4091183234104,37261.9664960738,2015,8,2,h,-11808021.0904628,14271412.5345474,2463391.44534861,True,Cropland,91326.4116573039
BGD,3,2015,85.4091183234104,37261.9664960738,2015,8,2,h,-11808021.0904628,14271412.5345474,2463391.44534861,True,Forest,131978.601005766
BGD,3,2015,85.4091183234104,37261.9664960738,2015,8,2,h,-11808021.0904628,14271412.5345474,2463391.44534861,True,Grassland,19641.6542683522
BGD,3,2015,85.4091183234104,37261.9664960738,2015,8,2,h,-11808021.0904628,14271412.5345474,2463391.44534861,True,Other,10320.6433780852
BGD,3,2015,85.4091183234104,37261.9664960738,2015,8,2,h,-11808021.0904628,14271412.5345474,2463391.44534861,True,Settlements,659668.97527564
BGD,3,2015,85.4091183234104,37261.9664960738,2015,8,2,h,-11808021.0904628,14271412.5345474,2463391.44534861,True,Wetlands,81017.4444702508
BGD,3,2015,85.4091183234104,37261.9664960738,2015,11,1,h,-11808021.0904628,14271412.5345474,2463391.44534861,True,Cropland,91326.4116573039
BGD,3,2015,85.4091183234104,37261.9664960738,2015,11,1,h,-11808021.0904628,14271412.5345474,2463391.44534861,True,Forest,131978.601005766
BGD,3,2015,85.4091183234104,37261.9664960738,2015,11,1,h,-11808021.0904628,14271412.5345474,2463391.44534861,True,Grassland,19641.6542683522
BGD,3,2015,85.4091183234104,37261.9664960738,2015,11,1,h,-11808021.0904628,14271412.5345474,2463391.44534861,True,Other,10320.6433780852
BGD,3,2015,85.4091183234104,37261.9664960738,2015,11,1,h,-11808021.0904628,14271412.5345474,2463391.44534861,True,Settlements,659668.97527564
BGD,3,2015,85.4091183234104,37261.9664960738,2015,11,1,h,-11808021.0904628,14271412.5345474,2463391.44534861,True,Wetlands,81017.4444702508
BGD,3,2015,85.4091183234104,37261.9664960738,2015,12,5,h,-11808021.0904628,14271412.5345474,2463391.44534861,True,Cropland,91326.4116573039
BGD,3,2015,85.4091183234104,37261.9664960738,2015,12,5,h,-11808021.0904628,14271412.5345474,2463391.44534861,True,Forest,131978.601005766
BGD,3,2015,85.4091183234104,37261.9664960738,2015,12,5,h,-11808021.0904628,14271412.5345474,2463391.44534861,True,Grassland,19641.6542683522
BGD,3,2015,85.4091183234104,37261.9664960738,2015,12,5,h,-11808021.0904628,14271412.5345474,2463391.44534861,True,Other,10320.6433780852
BGD,3,2015,85.4091183234104,37261.9664960738,2015,12,5,h,-11808021.0904628,14271412.5345474,2463391.44534861,True,Settlements,659668.97527564
BGD,3,2015,85.4091183234104,37261.9664960738,2015,12,5,h,-11808021.0904628,14271412.5345474,2463391.44534861,True,Wetlands,81017.4444702508
BGD,3,2016,281.004147152057,117953.624069331,2016,5,1,h,-11808021.0904628,14271412.5345474,2463391.44534861,True,Cropland,91326.4116573039
BGD,3,2016,281.004147152057,117953.624069331,2016,5,1,h,-11808021.0904628,14271412.5345474,2463391.44534861,True,Forest,131978.601005766
BGD,3,2016,281.004147152057,117953.624069331,2016,5,1,h,-11808021.0904628,14271412.5345474,2463391.44534861,True,Grassland,19641.6542683522
BGD,3,2016,281.004147152057,117953.624069331,2016,5,1,h,-11808021.0904628,14271412.5345474,2463391.44534861,True,Other,10320.6433780852
BGD,3,2016,281.004147152057,117953.624069331,2016,5,1,h,-11808021.0904628,14271412.5345474,2463391.44534861,True,Settlements,659668.97527564
BGD,3,2016,281.004147152057,117953.624069331,2016,5,1,h,-11808021.0904628,14271412.5345474,2463391.44534861,True,Wetlands,81017.4444702508
BGD,3,2016,281.004147152057,117953.624069331,2016,11,3,h,-11808021.0904628,14271412.5345474,2463391.44534861,True,Cropland,91326.4116573039
BGD,3,2016,281.004147152057,117953.624069331,2016,11,3,h,-11808021.0904628,14271412.5345474,2463391.44534861,True,Forest,131978.601005766
BGD,3,2016,281.004147152057,117953.624069331,2016,11,3,h,-11808021.0904628,14271412.5345474,2463391.44534861,True,Grassland,19641.6542683522
BGD,3,2016,281.004147152057,117953.624069331,2016,11,3,h,-11808021.0904628,14271412.5345474,2463391.44534861,True,Other,10320.6433780852
BGD,3,2016,281.004147152057,117953.624069331,2016,11,3,h,-11808021.0904628,14271412.5345474,2463391.44534861,True,Settlements,659668.97527564
BGD,3,2016,281.004147152057,117953.624069331,2016,11,3,h,-11808021.0904628,14271412.5345474,2463391.44534861,True,Wetlands,81017.4444702508
BGD,3,2016,281.004147152057,117953.624069331,2016,12,3,h,-11808021.0904628,14271412.5345474,2463391.44534861,True,Cropland,91326.4116573039
BGD,3,2016,281.004147152057,117953.624069331,2016,12,3,h,-11808021.0904628,14271412.5345474,2463391.44534861,True,Forest,131978.601005766
BGD,3,2016,281.004147152057,117953.624069331,2016,12,3,h,-11808021.0904628,14271412.5345474,2463391.44534861,True,Grassland,19641.6542683522
BGD,3,2016,281.004147152057,117953.624069331,2016,12,3,h,-11808021.0904628,14271412.5345474,2463391.44534861,True,Other,10320.6433780852
BGD,3,2016,281.004147152057,117953.624069331,2016,12,3,h,-11808021.0904628,14271412.5345474,2463391.44534861,True,Settlements,659668.97527564
BGD,3,2016,281.004147152057,117953.624069331,2016,12,3,h,-11808021.0904628,14271412.5345474,2463391.44534861,True,Wetlands,81017.4444702508
BGD,3,2016,281.004147152057,117953.624069331,2016,21,3,h,-11808021.0904628,14271412.5345474,2463391.44534861,True,Cropland,91326.4116573039
BGD,3,2016,281.004147152057,117953.624069331,2016,21,3,h,-11808021.0904628,14271412.5345474,2463391.44534861,True,Forest,131978.601005766
BGD,3,2016,281.004147152057,117953.624069331,2016,21,3,h,-11808021.0904628,14271412.5345474,2463391.44534861,True,Grassland,19641.6542683522
BGD,3,2016,281.004147152057,117953.624069331,2016,21,3,h,-11808021.0904628,14271412.5345474,2463391.44534861,True,Other,10320.6433780852
BGD,3,2016,281.004147152057,117953.624069331,2016,21,3,h,-11808021.0904628,14271412.5345474,2463391.44534861,True,Settlements,659668.97527564
BGD,3,2016,281.004147152057,117953.624069331,2016,21,3,h,-11808021.0904628,14271412.5345474,2463391.44534861,True,Wetlands,81017.4444702508
BGD,3,2016,281.004147152057,117953.624069331,2016,48,1,h,-11808021.0904628,14271412.5345474,2463391.44534861,True,Cropland,91326.4116573039
BGD,3,2016,281.004147152057,117953.624069331,2016,48,1,h,-11808021.0904628,14271412.5345474,2463391.44534861,True,Forest,131978.601005766
BGD,3,2016,281.004147152057,117953.624069331,2016,48,1,h,-11808021.0904628,14271412.5345474,2463391.44534861,True,Grassland,19641.6542683522
BGD,3,2016,281.004147152057,117953.624069331,2016,48,1,h,-11808021.0904628,14271412.5345474,2463391.44534861,True,Other,10320.6433780852
BGD,3,2016,281.004147152057,117953.624069331,2016,48,1,h,-11808021.0904628,14271412.5345474,2463391.44534861,True,Settlements,659668.97527564
BGD,3,2016,281.004147152057,117953.624069331,2016,48,1,h,-11808021.0904628,14271412.5345474,2463391.44534861,True,Wetlands,81017.4444702508
BGD,3,2017,370.202892370722,154981.116620607,2017,7,1,h,-11808021.0904628,14271412.5345474,2463391.44534861,True,Cropland,91326.4116573039
BGD,3,2017,370.202892370722,154981.116620607,2017,7,1,h,-11808021.0904628,14271412.5345474,2463391.44534861,True,Forest,131978.601005766
BGD,3,2017,370.202892370722,154981.116620607,2017,7,1,h,-11808021.0904628,14271412.5345474,2463391.44534861,True,Grassland,19641.6542683522
BGD,3,2017,370.202892370722,154981.116620607,2017,7,1,h,-11808021.0904628,14271412.5345474,2463391.44534861,True,Other,10320.6433780852
BGD,3,2017,370.202892370722,154981.116620607,2017,7,1,h,-11808021.0904628,14271412.5345474,2463391.44534861,True,Settlements,659668.97527564
BGD,3,2017,370.202892370722,154981.116620607,2017,7,1,h,-11808021.0904628,14271412.5345474,2463391.44534861,True,Wetlands,81017.4444702508
BGD,3,2017,370.202892370722,154981.116620607,2017,8,2,h,-11808021.0904628,14271412.5345474,2463391.44534861,True,Cropland,91326.4116573039
BGD,3,2017,370.202892370722,154981.116620607,2017,8,2,h,-11808021.0904628,14271412.5345474,2463391.44534861,True,Forest,131978.601005766
BGD,3,2017,370.202892370722,154981.116620607,2017,8,2,h,-11808021.0904628,14271412.5345474,2463391.44534861,True,Grassland,19641.6542683522
BGD,3,2017,370.202892370722,154981.116620607,2017,8,2,h,-11808021.0904628,14271412.5345474,2463391.44534861,True,Other,10320.6433780852
BGD,3,2017,370.202892370722,154981.116620607,2017,8,2,h,-11808021.0904628,14271412.5345474,2463391.44534861,True,Settlements,659668.97527564
BGD,3,2017,370.202892370722,154981.116620607,2017,8,2,h,-11808021.0904628,14271412.5345474,2463391.44534861,True,Wetlands,81017.4444702508
BGD,3,2017,370.202892370722,154981.116620607,2017,9,1,h,-11808021.0904628,14271412.5345474,2463391.44534861,True,Cropland,91326.4116573039
BGD,3,2017,370.202892370722,154981.116620607,2017,9,1,h,-11808021.0904628,14271412.5345474,2463391.44534861,True,Forest,131978.601005766
BGD,3,2017,370.202892370722,154981.116620607,2017,9,1,h,-11808021.0904628,14271412.5345474,2463391.44534861,True,Grassland,19641.6542683522
BGD,3,2017,370.202892370722,154981.116620607,2017,9,1,h,-11808021.0904628,14271412.5345474,2463391.44534861,True,Other,10320.6433780852
BGD,3,2017,370.202892370722,154981.116620607,2017,9,1,h,-11808021.0904628,14271412.5345474,2463391.44534861,True,Settlements,659668.97527564
BGD,3,2017,370.202892370722,154981.116620607,2017,9,1,h,-11808021.0904628,14271412.5345474,2463391.44534861,True,Wetlands,81017.4444702508
BGD,3,2017,370.202892370722,154981.116620607,2017,51,1,h,-11808021.0904628,14271412.5345474,2463391.44534861,True,Cropland,91326.4116573039
BGD,3,2017,370.202892370722,154981.116620607,2017,51,1,h,-11808021.0904628,14271412.5345474,2463391.44534861,True,Forest,131978.601005766
BGD,3,2017,370.202892370722,154981.116620607,2017,51,1,h,-11808021.0904628,14271412.5345474,2463391.44534861,True,Grassland,19641.6542683522
BGD,3,2017,370.202892370722,154981.116620607,2017,51,1,h,-11808021.0904628,14271412.5345474,2463391.44534861,True,Other,10320.6433780852
BGD,3,2017,370.202892370722,154981.116620607,2017,51,1,h,-11808021.0904628,14271412.5345474,2463391.44534861,True,Settlements,659668.97527564
BGD,3,2017,370.202892370722,154981.116620607,2017,51,1,h,-11808021.0904628,14271412.5345474,2463391.44534861,True,Wetlands,81017.4444702508
BGD,3,2018,240.408844034907,106261.696721359,2018,1,1,h,-11808021.0904628,14271412.5345474,2463391.44534861,True,Cropland,91326.4116573039
BGD,3,2018,240.408844034907,106261.696721359,2018,1,1,h,-11808021.0904628,14271412.5345474,2463391.44534861,True,Forest,131978.601005766
BGD,3,2018,240.408844034907,106261.696721359,2018,1,1,h,-11808021.0904628,14271412.5345474,2463391.44534861,True,Grassland,19641.6542683522
BGD,3,2018,240.408844034907,106261.696721359,2018,1,1,h,-11808021.0904628,14271412.5345474,2463391.44534861,True,Other,10320.6433780852
BGD,3,2018,240.408844034907,106261.696721359,2018,1,1,h,-11808021.0904628,14271412.5345474,2463391.44534861,True,Settlements,659668.97527564
BGD,3,2018,240.408844034907,106261.696721359,2018,1,1,h,-11808021.0904628,14271412.5345474,2463391.44534861,True,Wetlands,81017.4444702508
BGD,3,2018,240.408844034907,106261.696721359,2018,3,1,h,-11808021.0904628,14271412.5345474,2463391.44534861,True,Cropland,91326.4116573039
BGD,3,2018,240.408844034907,106261.696721359,2018,3,1,h,-11808021.0904628,14271412.5345474,2463391.44534861,True,Forest,131978.601005766
BGD,3,2018,240.408844034907,106261.696721359,2018,3,1,h,-11808021.0904628,14271412.5345474,2463391.44534861,True,Grassland,19641.6542683522
BGD,3,2018,240.408844034907,106261.696721359,2018,3,1,h,-11808021.0904628,14271412.5345474,2463391.44534861,True,Other,10320.6433780852
BGD,3,2018,240.408844034907,106261.696721359,2018,3,1,h,-11808021.0904628,14271412.5345474,2463391.44534861,True,Settlements,659668.97527564
BGD,3,2018,240.408844034907,106261.696721359,2018,3,1,h,-11808021.0904628,14271412.5345474,2463391.44534861,True,Wetlands,81017.4444702508
BGD,3,2018,240.408844034907,106261.696721359,2018,4,3,h,-11808021.0904628,14271412.5345474,2463391.44534861,True,Cropland,91326.4116573039
BGD,3,2018,240.408844034907,106261.696721359,2018,4,3,h,-11808021.0904628,14271412.5345474,2463391.44534861,True,Forest,131978.601005766
BGD,3,2018,240.408844034907,106261.696721359,2018,4,3,h,-11808021.0904628,14271412.5345474,2463391.44534861,True,Grassland,19641.6542683522
BGD,3,2018,240.408844034907,106261.696721359,2018,4,3,h,-11808021.0904628,14271412.5345474,2463391.44534861,True,Other,10320.6433780852
BGD,3,2018,240.408844034907,106261.696721359,2018,4,3,h,-11808021.0904628,14271412.5345474,2463391.44534861,True,Settlements,659668.97527564
BGD,3,2018,240.408844034907,106261.696721359,2018,4,3,h,-11808021.0904628,14271412.5345474,2463391.44534861,True,Wetlands,81017.4444702508
BGD,3,2018,240.408844034907,106261.696721359,2018,11,2,h,-11808021.0904628,14271412.5345474,2463391.44534861,True,Cropland,91326.4116573039
BGD,3,2018,240.408844034907,106261.696721359,2018,11,2,h,-11808021.0904628,14271412.5345474,2463391.44534861,True,Forest,131978.601005766
BGD,3,2018,240.408844034907,106261.696721359,2018,11,2,h,-11808021.0904628,14271412.5345474,2463391.44534861,True,Grassland,19641.6542683522
BGD,3,2018,240.408844034907,106261.696721359,2018,11,2,h,-11808021.0904628,14271412.5345474,2463391.44534861,True,Other,10320.6433780852
BGD,3,2018,240.408844034907,106261.696721359,2018,11,2,h,-11808021.0904628,14271412.5345474,2463391.44534861,True,Settlements,659668.97527564
BGD,3,2018,240.408844034907,106261.696721359,2018,11,2,h,-11808021.0904628,14271412.5345474,2463391.44534861,True,Wetlands,81017.4444702508
BGD,3,2018,240.408844034907,106261.696721359,2018,14,2,h,-11808021.0904628,14271412.5345474,2463391.44534861,True,Cropland,91326.4116573039
BGD,3,2018,240.408844034907,106261.696721359,2018,14,2,h,-11808021.0904628,14271412.5345474,2463391.44534861,True,Forest,131978.601005766
BGD,3,2018,240.408844034907,106261.696721359,2018,14,2,h,-11808021.0904628,14271412.5345474,2463391.44534861,True,Grassland,19641.6542683522
BGD,3,2018,240.408844034907,106261.696721359,2018,14,2,h,-11808021.0904628,14271412.5345474,2463391.44534861,True,Other,10320.6433780852
BGD,3,2018,240.408844034907,106261.696721359,2018,14,2,h,-11808021.0904628,14271412.5345474,2463391.44534861,True,Settlements,659668.97527564
BGD,3,2018,240.408844034907,106261.696721359,2018,14,2,h,-11808021.0904628,14271412.5345474,2463391.44534861,True,Wetlands,81017.4444702508
BGD,3,2018,240.408844034907,106261.696721359,2018,21,1,h,-11808021.0904628,14271412.5345474,2463391.44534861,True,Cropland,91326.4116573039
BGD,3,2018,240.408844034907,106261.696721359,2018,21,1,h,-11808021.0904628,14271412.5345474,2463391.44534861,True,Forest,131978.601005766
BGD,3,2018,240.408844034907,106261.696721359,2018,21,1,h,-11808021.0904628,14271412.5345474,2463391.44534861,True,Grassland,19641.6542683522
BGD,3,2018,240.408844034907,106261.696721359,2018,21,1,h,-11808021.0904628,14271412.5345474,2463391.44534861,True,Other,10320.6433780852
BGD,3,2018,240.408844034907,106261.696721359,2018,21,1,h,-11808021.0904628,14271412.5345474,2463391.44534861,True,Settlements,659668.97527564
BGD,3,2018,240.408844034907,106261.696721359,2018,21,1,h,-11808021.0904628,14271412.5345474,2463391.44534861,True,Wetlands,81017.4444702508
BGD,3,2018,240.408844034907,106261.696721359,2018,49,2,h,-11808021.0904628,14271412.5345474,2463391.44534861,True,Cropland,91326.4116573039
BGD,3,2018,240.408844034907,106261.696721359,2018,49,2,h,-11808021.0904628,14271412.5345474,2463391.44534861,True,Forest,131978.601005766
BGD,3,2018,240.408844034907,106261.696721359,2018,49,2,h,-11808021.0904628,14271412.5345474,2463391.44534861,True,Grassland,19641.6542683522
BGD,3,2018,240.408844034907,106261.696721359,2018,49,2,h,-11808021.0904628,14271412.5345474,2463391.44534861,True,Other,10320.6433780852
BGD,3,2018,240.408844034907,106261.696721359,2018,49,2,h,-11808021.0904628,14271412.5345474,2463391.44534861,True,Settlements,659668.97527564
BGD,3,2018,240.408844034907,106261.696721359,2018,49,2,h,-11808021.0904628,14271412.5345474,2463391.44534861,True,Wetlands,81017.4444702508
BGD,3,2019,132.06459948356,54514.6016256325,2019,1,1,h,-11808021.0904628,14271412.5345474,2463391.44534861,True,Cropland,91326.4116573039
BGD,3,2019,132.06459948356,54514.6016256325,2019,1,1,h,-11808021.0904628,14271412.5345474,2463391.44534861,True,Forest,131978.601005766
BGD,3,2019,132.06459948356,54514.6016256325,2019,1,1,h,-11808021.0904628,14271412.5345474,2463391.44534861,True,Grassland,19641.6542683522
BGD,3,2019,132.06459948356,54514.6016256325,2019,1,1,h,-11808021.0904628,14271412.5345474,2463391.44534861,True,Other,10320.6433780852
BGD,3,2019,132.06459948356,54514.6016256325,2019,1,1,h,-11808021.0904628,14271412.5345474,2463391.44534861,True,Settlements,659668.97527564
BGD,3,2019,132.06459948356,54514.6016256325,2019,1,1,h,-11808021.0904628,14271412.5345474,2463391.44534861,True,Wetlands,81017.4444702508
BGD,3,2019,132.06459948356,54514.6016256325,2019,4,1,h,-11808021.0904628,14271412.5345474,2463391.44534861,True,Cropland,91326.4116573039
BGD,3,2019,132.06459948356,54514.6016256325,2019,4,1,h,-11808021.0904628,14271412.5345474,2463391.44534861,True,Forest,131978.601005766
BGD,3,2019,132.06459948356,54514.6016256325,2019,4,1,h,-11808021.0904628,14271412.5345474,2463391.44534861,True,Grassland,19641.6542683522
BGD,3,2019,132.06459948356,54514.6016256325,2019,4,1,h,-11808021.0904628,14271412.5345474,2463391.44534861,True,Other,10320.6433780852
BGD,3,2019,132.06459948356,54514.6016256325,2019,4,1,h,-11808021.0904628,14271412.5345474,2463391.44534861,True,Settlements,659668.97527564
BGD,3,2019,132.06459948356,54514.6016256325,2019,4,1,h,-11808021.0904628,14271412.5345474,2463391.44534861,True,Wetlands,81017.4444702508
BGD,3,2019,132.06459948356,54514.6016256325,2019,7,1,h,-11808021.0904628,14271412.5345474,2463391.44534861,True,Cropland,91326.4116573039
BGD,3,2019,132.06459948356,54514.6016256325,2019,7,1,h,-11808021.0904628,14271412.5345474,2463391.44534861,True,Forest,131978.601005766
BGD,3,2019,132.06459948356,54514.6016256325,2019,7,1,h,-11808021.0904628,14271412.5345474,2463391.44534861,True,Grassland,19641.6542683522
BGD,3,2019,132.06459948356,54514.6016256325,2019,7,1,h,-11808021.0904628,14271412.5345474,2463391.44534861,True,Other,10320.6433780852
BGD,3,2019,132.06459948356,54514.6016256325,2019,7,1,h,-11808021.0904628,14271412.5345474,2463391.44534861,True,Settlements,659668.97527564
BGD,3,2019,132.06459948356,54514.6016256325,2019,7,1,h,-11808021.0904628,14271412.5345474,2463391.44534861,True,Wetlands,81017.4444702508
BGD,3,2019,132.06459948356,54514.6016256325,2019,12,1,h,-11808021.0904628,14271412.5345474,2463391.44534861,True,Cropland,91326.4116573039
BGD,3,2019,132.06459948356,54514.6016256325,2019,12,1,h,-11808021.0904628,14271412.5345474,2463391.44534861,True,Forest,131978.601005766
BGD,3,2019,132.06459948356,54514.6016256325,2019,12,1,h,-11808021.0904628,14271412.5345474,2463391.44534861,True,Grassland,19641.6542683522
BGD,3,2019,132.06459948356,54514.6016256325,2019,12,1,h,-11808021.0904628,14271412.5345474,2463391.44534861,True,Other,10320.6433780852
BGD,3,2019,132.06459948356,54514.6016256325,2019,12,1,h,-11808021.0904628,14271412.5345474,2463391.44534861,True,Settlements,659668.97527564
BGD,3,2019,132.06459948356,54514.6016256325,2019,12,1,h,-11808021.0904628,14271412.5345474,2463391.44534861,True,Wetlands,81017.4444702508
BGD,3,2019,132.06459948356,54514.6016256325,2019,52,1,h,-11808021.0904628,14271412.5345474,2463391.44534861,True,Cropland,91326.4116573039
BGD,3,2019,132.06459948356,54514.6016256325,2019,52,1,h,-11808021.0904628,14271412.5345474,2463391.44534861,True,Forest,131978.601005766
BGD,3,2019,132.06459948356,54514.6016256325,2019,52,1,h,-11808021.0904628,14271412.5345474,2463391.44534861,True,Grassland,19641.6542683522
BGD,3,2019,132.06459948356,54514.6016256325,2019,52,1,h,-11808021.0904628,14271412.5345474,2463391.44534861,True,Other,10320.6433780852
BGD,3,2019,132.06459948356,54514.6016256325,2019,52,1,h,-11808021.0904628,14271412.5345474,2463391.44534861,True,Settlements,659668.97527564
BGD,3,2019,132.06459948356,54514.6016256325,2019,52,1,h,-11808021.0904628,14271412.5345474,2463391.44534861,True,Wetlands,81017.4444702508
BGD,3,2020,189.644266203358,76375.6545605984,2020,6,1,h,-11808021.0904628,14271412.5345474,2463391.44534861,True,Cropland,91326.4116573039
BGD,3,2020,189.644266203358,76375.6545605984,2020,6,1,h,-11808021.0904628,14271412.5345474,2463391.44534861,True,Forest,131978.601005766
BGD,3,2020,189.644266203358,76375.6545605984,2020,6,1,h,-11808021.0904628,14271412.5345474,2463391.44534861,True,Grassland,19641.6542683522
BGD,3,2020,189.644266203358,76375.6545605984,2020,6,1,h,-11808021.0904628,14271412.5345474,2463391.44534861,True,Other,10320.6433780852
BGD,3,2020,189.644266203358,76375.6545605984,2020,6,1,h,-11808021.0904628,14271412.5345474,2463391.44534861,True,Settlements,659668.97527564
BGD,3,2020,189.644266203358,76375.6545605984,2020,6,1,h,-11808021.0904628,14271412.5345474,2463391.44534861,True,Wetlands,81017.4444702508
BGD,3,2020,189.644266203358,76375.6545605984,2020,7,3,h,-11808021.0904628,14271412.5345474,2463391.44534861,True,Cropland,91326.4116573039
BGD,3,2020,189.644266203358,76375.6545605984,2020,7,3,h,-11808021.0904628,14271412.5345474,2463391.44534861,True,Forest,131978.601005766
BGD,3,2020,189.644266203358,76375.6545605984,2020,7,3,h,-11808021.0904628,14271412.5345474,2463391.44534861,True,Grassland,19641.6542683522
BGD,3,2020,189.644266203358,76375.6545605984,2020,7,3,h,-11808021.0904628,14271412.5345474,2463391.44534861,True,Other,10320.6433780852
BGD,3,2020,189.644266203358,76375.6545605984,2020,7,3,h,-11808021.0904628,14271412.5345474,2463391.44534861,True,Settlements,659668.97527564
BGD,3,2020,189.644266203358,76375.6545605984,2020,7,3,h,-11808021.0904628,14271412.5345474,2463391.44534861,True,Wetlands,81017.4444702508
BGD,3,2020,189.644266203358,76375.6545605984,2020,12,1,h,-11808021.0904628,14271412.5345474,2463391.44534861,True,Cropland,91326.4116573039
BGD,3,2020,189.644266203358,76375.6545605984,2020,12,1,h,-11808021.0904628,14271412.5345474,2463391.44534861,True,Forest,131978.601005766
BGD,3,2020,189.644266203358,76375.6545605984,2020,12,1,h,-11808021.0904628,14271412.5345474,2463391.44534861,True,Grassland,19641.6542683522
BGD,3,2020,189.644266203358,76375.6545605984,2020,12,1,h,-11808021.0904628,14271412.5345474,2463391.44534861,True,Other,10320.6433780852
BGD,3,2020,189.644266203358,76375.6545605984,2020,12,1,h,-11808021.0904628,14271412.5345474,2463391.44534861,True,Settlements,659668.97527564
BGD,3,2020,189.644266203358,76375.6545605984,2020,12,1,h,-11808021.0904628,14271412.5345474,2463391.44534861,True,Wetlands,81017.4444702508
BGD,3,2020,189.644266203358,76375.6545605984,2020,13,5,h,-11808021.0904628,14271412.5345474,2463391.44534861,True,Cropland,91326.4116573039
BGD,3,2020,189.644266203358,76375.6545605984,2020,13,5,h,-11808021.0904628,14271412.5345474,2463391.44534861,True,Forest,131978.601005766
BGD,3,2020,189.644266203358,76375.6545605984,2020,13,5,h,-11808021.0904628,14271412.5345474,2463391.44534861,True,Grassland,19641.6542683522
BGD,3,2020,189.644266203358,76375.6545605984,2020,13,5,h,-11808021.0904628,14271412.5345474,2463391.44534861,True,Other,10320.6433780852
BGD,3,2020,189.644266203358,76375.6545605984,2020,13,5,h,-11808021.0904628,14271412.5345474,2463391.44534861,True,Settlements,659668.97527564
BGD,3,2020,189.644266203358,76375.6545605984,2020,13,5,h,-11808021.0904628,14271412.5345474,2463391.44534861,True,Wetlands,81017.4444702508
BGD,3,2020,189.644266203358,76375.6545605984,2020,14,2,h,-11808021.0904628,14271412.5345474,2463391.44534861,True,Cropland,91326.4116573039
BGD,3,2020,189.644266203358,76375.6545605984,2020,14,2,h,-11808021.0904628,14271412.5345474,2463391.44534861,True,Forest,131978.601005766
BGD,3,2020,189.644266203358,76375.6545605984,2020,14,2,h,-11808021.0904628,14271412.5345474,2463391.44534861,True,Grassland,19641.6542683522
BGD,3,2020,189.644266203358,76375.6545605984,2020,14,2,h,-11808021.0904628,14271412.5345474,2463391.44534861,True,Other,10320.6433780852
BGD,3,2020,189.644266203358,76375.6545605984,2020,14,2,h,-11808021.0904628,14271412.5345474,2463391.44534861,True,Settlements,659668.97527564
BGD,3,2020,189.644266203358,76375.6545605984,2020,14,2,h,-11808021.0904628,14271412.5345474,2463391.44534861,True,Wetlands,81017.4444702508
BGD,3,2020,189.644266203358,76375.6545605984,2020,15,1,h,-11808021.0904628,14271412.5345474,2463391.44534861,True,Cropland,91326.4116573039
BGD,3,2020,189.644266203358,76375.6545605984,2020,15,1,h,-11808021.0904628,14271412.5345474,2463391.44534861,True,Forest,131978.601005766
BGD,3,2020,189.644266203358,76375.6545605984,2020,15,1,h,-11808021.0904628,14271412.5345474,2463391.44534861,True,Grassland,19641.6542683522
BGD,3,2020,189.644266203358,76375.6545605984,2020,15,1,h,-11808021.0904628,14271412.5345474,2463391.44534861,True,Other,10320.6433780852
BGD,3,2020,189.644266203358,76375.6545605984,2020,15,1,h,-11808021.0904628,14271412.5345474,2463391.44534861,True,Settlements,659668.97527564
BGD,3,2020,189.644266203358,76375.6545605984,2020,15,1,h,-11808021.0904628,14271412.5345474,2463391.44534861,True,Wetlands,81017.4444702508
BGD,3,2020,189.644266203358,76375.6545605984,2020,21,1,h,-11808021.0904628,14271412.5345474,2463391.44534861,True,Cropland,91326.4116573039
BGD,3,2020,189.644266203358,76375.6545605984,2020,21,1,h,-11808021.0904628,14271412.5345474,2463391.44534861,True,Forest,131978.601005766
BGD,3,2020,189.644266203358,76375.6545605984,2020,21,1,h,-11808021.0904628,14271412.5345474,2463391.44534861,True,Grassland,19641.6542683522
BGD,3,2020,189.644266203358,76375.6545605984,2020,21,1,h,-11808021.0904628,14271412.5345474,2463391.44534861,True,Other,10320.6433780852
BGD,3,2020,189.644266203358,76375.6545605984,2020,21,1,h,-11808021.0904628,14271412.5345474,2463391.44534861,True,Settlements,659668.97527564
BGD,3,2020,189.644266203358,76375.6545605984,2020,21,1,h,-11808021.0904628,14271412.5345474,2463391.44534861,True,Wetlands,81017.4444702508
BGD,3,2021,207.023916576231,101231.440455127,2021,13,1,h,-11808021.0904628,14271412.5345474,2463391.44534861,True,Cropland,91326.4116573039
BGD,3,2021,207.023916576231,101231.440455127,2021,13,1,h,-11808021.0904628,14271412.5345474,2463391.44534861,True,Forest,131978.601005766
BGD,3,2021,207.023916576231,101231.440455127,2021,13,1,h,-11808021.0904628,14271412.5345474,2463391.44534861,True,Grassland,19641.6542683522
BGD,3,2021,207.023916576231,101231.440455127,2021,13,1,h,-11808021.0904628,14271412.5345474,2463391.44534861,True,Other,10320.6433780852
BGD,3,2021,207.023916576231,101231.440455127,2021,13,1,h,-11808021.0904628,14271412.5345474,2463391.44534861,True,Settlements,659668.97527564
BGD,3,2021,207.023916576231,101231.440455127,2021,13,1,h,-11808021.0904628,14271412.5345474,2463391.44534861,True,Wetlands,81017.4444702508
BGD,3,2021,207.023916576231,101231.440455127,2021,50,1,h,-11808021.0904628,14271412.5345474,2463391.44534861,True,Cropland,91326.4116573039
BGD,3,2021,207.023916576231,101231.440455127,2021,50,1,h,-11808021.0904628,14271412.5345474,2463391.44534861,True,Forest,131978.601005766
BGD,3,2021,207.023916576231,101231.440455127,2021,50,1,h,-11808021.0904628,14271412.5345474,2463391.44534861,True,Grassland,19641.6542683522
BGD,3,2021,207.023916576231,101231.440455127,2021,50,1,h,-11808021.0904628,14271412.5345474,2463391.44534861,True,Other,10320.6433780852
BGD,3,2021,207.023916576231,101231.440455127,2021,50,1,h,-11808021.0904628,14271412.5345474,2463391.44534861,True,Settlements,659668.97527564
BGD,3,2021,207.023916576231,101231.440455127,2021,50,1,h,-11808021.0904628,14271412.5345474,2463391.44534861,True,Wetlands,81017.4444702508
BGD,3,2022,184.771997282455,115767.886500529,2022,10,1,h,-11808021.0904628,14271412.5345474,2463391.44534861,True,Cropland,91326.4116573039
BGD,3,2022,184.771997282455,115767.886500529,2022,10,1,h,-11808021.0904628,14271412.5345474,2463391.44534861,True,Forest,131978.601005766
BGD,3,2022,184.771997282455,115767.886500529,2022,10,1,h,-11808021.0904628,14271412.5345474,2463391.44534861,True,Grassland,19641.6542683522
BGD,3,2022,184.771997282455,115767.886500529,2022,10,1,h,-11808021.0904628,14271412.5345474,2463391.44534861,True,Other,10320.6433780852
BGD,3,2022,184.771997282455,115767.886500529,2022,10,1,h,-11808021.0904628,14271412.5345474,2463391.44534861,True,Settlements,659668.97527564
BGD,3,2022,184.771997282455,115767.886500529,2022,10,1,h,-11808021.0904628,14271412.5345474,2463391.44534861,True,Wetlands,81017.4444702508
BGD,3,2022,184.771997282455,115767.886500529,2022,16,1,h,-11808021.0904628,14271412.5345474,2463391.44534861,True,Cropland,91326.4116573039
BGD,3,2022,184.771997282455,115767.886500529,2022,16,1,h,-11808021.0904628,14271412.5345474,2463391.44534861,True,Forest,131978.601005766
BGD,3,2022,184.771997282455,115767.886500529,2022,16,1,h,-11808021.0904628,14271412.5345474,2463391.44534861,True,Grassland,19641.6542683522
BGD,3,2022,184.771997282455,115767.886500529,2022,16,1,h,-11808021.0904628,14271412.5345474,2463391.44534861,True,Other,10320.6433780852
BGD,3,2022,184.771997282455,115767.886500529,2022,16,1,h,-11808021.0904628,14271412.5345474,2463391.44534861,True,Settlements,659668.97527564
BGD,3,2022,184.771997282455,115767.886500529,2022,16,1,h,-11808021.0904628,14271412.5345474,2463391.44534861,True,Wetlands,81017.4444702508
BGD,3,2022,184.771997282455,115767.886500529,2022,43,2,h,-11808021.0904628,14271412.5345474,2463391.44534861,True,Cropland,91326.4116573039
BGD,3,2022,184.771997282455,115767.886500529,2022,43,2,h,-11808021.0904628,14271412.5345474,2463391.44534861,True,Forest,131978.601005766
BGD,3,2022,184.771997282455,115767.886500529,2022,43,2,h,-11808021.0904628,14271412.5345474,2463391.44534861,True,Grassland,19641.6542683522
BGD,3,2022,184.771997282455,115767.886500529,2022,43,2,h,-11808021.0904628,14271412.5345474,2463391.44534861,True,Other,10320.6433780852
BGD,3,2022,184.771997282455,115767.886500529,2022,43,2,h,-11808021.0904628,14271412.5345474,2463391.44534861,True,Settlements,659668.97527564
BGD,3,2022,184.771997282455,115767.886500529,2022,43,2,h,-11808021.0904628,14271412.5345474,2463391.44534861,True,Wetlands,81017.4444702508
BGD,3,2022,184.771997282455,115767.886500529,2022,45,1,h,-11808021.0904628,14271412.5345474,2463391.44534861,True,Cropland,91326.4116573039
BGD,3,2022,184.771997282455,115767.886500529,2022,45,1,h,-11808021.0904628,14271412.5345474,2463391.44534861,True,Forest,131978.601005766
BGD,3,2022,184.771997282455,115767.886500529,2022,45,1,h,-11808021.0904628,14271412.5345474,2463391.44534861,True,Grassland,19641.6542683522
BGD,3,2022,184.771997282455,115767.886500529,2022,45,1,h,-11808021.0904628,14271412.5345474,2463391.44534861,True,Other,10320.6433780852
BGD,3,2022,184.771997282455,115767.886500529,2022,45,1,h,-11808021.0904628,14271412.5345474,2463391.44534861,True,Settlements,659668.97527564
BGD,3,2022,184.771997282455,115767.886500529,2022,45,1,h,-11808021.0904628,14271412.5345474,2463391.44534861,True,Wetlands,81017.4444702508
BGD,3,2022,184.771997282455,115767.886500529,2022,46,1,h,-11808021.0904628,14271412.5345474,2463391.44534861,True,Cropland,91326.4116573039
BGD,3,2022,184.771997282455,115767.886500529,2022,46,1,h,-11808021.0904628,14271412.5345474,2463391.44534861,True,Forest,131978.601005766
BGD,3,2022,184.771997282455,115767.886500529,2022,46,1,h,-11808021.0904628,14271412.5345474,2463391.44534861,True,Grassland,19641.6542683522
BGD,3,2022,184.771997282455,115767.886500529,2022,46,1,h,-11808021.0904628,14271412.5345474,2463391.44534861,True,Other,10320.6433780852
BGD,3,2022,184.771997282455,115767.886500529,2022,46,1,h,-11808021.0904628,14271412.5345474,2463391.44534861,True,Settlements,659668.97527564
BGD,3,2022,184.771997282455,115767.886500529,2022,46,1,h,-11808021.0904628,14271412.5345474,2463391.44534861,True,Wetlands,81017.4444702508
BGD,3,2022,184.771997282455,115767.886500529,2022,48,1,h,-11808021.0904628,14271412.5345474,2463391.44534861,True,Cropland,91326.4116573039
BGD,3,2022,184.771997282455,115767.886500529,2022,48,1,h,-11808021.0904628,14271412.5345474,2463391.44534861,True,Forest,131978.601005766
BGD,3,2022,184.771997282455,115767.886500529,2022,48,1,h,-11808021.0904628,14271412.5345474,2463391.44534861,True,Grassland,19641.6542683522
BGD,3,2022,184.771997282455,115767.886500529,2022,48,1,h,-11808021.0904628,14271412.5345474,2463391.44534861,True,Other,10320.6433780852
BGD,3,2022,184.771997282455,115767.886500529,2022,48,1,h,-11808021.0904628,14271412.5345474,2463391.44534861,True,Settlements,659668.97527564
BGD,3,2022,184.771997282455,115767.886500529,2022,48,1,h,-11808021.0904628,14271412.5345474,2463391.44534861,True,Wetlands,81017.4444702508
BGD,3,2022,184.771997282455,115767.886500529,2022,50,1,h,-11808021.0904628,14271412.5345474,2463391.44534861,True,Cropland,91326.4116573039
BGD,3,2022,184.771997282455,115767.886500529,2022,50,1,h,-11808021.0904628,14271412.5345474,2463391.44534861,True,Forest,131978.601005766
BGD,3,2022,184.771997282455,115767.886500529,2022,50,1,h,-11808021.0904628,14271412.5345474,2463391.44534861,True,Grassland,19641.6542683522
BGD,3,2022,184.771997282455,115767.886500529,2022,50,1,h,-11808021.0904628,14271412.5345474,2463391.44534861,True,Other,10320.6433780852
BGD,3,2022,184.771997282455,115767.886500529,2022,50,1,h,-11808021.0904628,14271412.5345474,2463391.44534861,True,Settlements,659668.97527564
BGD,3,2022,184.771997282455,115767.886500529,2022,50,1,h,-11808021.0904628,14271412.5345474,2463391.44534861,True,Wetlands,81017.4444702508
BGD,3,2023,229.277286394587,178015.213717245,2023,2,1,h,-11808021.0904628,14271412.5345474,2463391.44534861,True,Cropland,91326.4116573039
BGD,3,2023,229.277286394587,178015.213717245,2023,2,1,h,-11808021.0904628,14271412.5345474,2463391.44534861,True,Forest,131978.601005766
BGD,3,2023,229.277286394587,178015.213717245,2023,2,1,h,-11808021.0904628,14271412.5345474,2463391.44534861,True,Grassland,19641.6542683522
BGD,3,2023,229.277286394587,178015.213717245,2023,2,1,h,-11808021.0904628,14271412.5345474,2463391.44534861,True,Other,10320.6433780852
BGD,3,2023,229.277286394587,178015.213717245,2023,2,1,h,-11808021.0904628,14271412.5345474,2463391.44534861,True,Settlements,659668.97527564
BGD,3,2023,229.277286394587,178015.213717245,2023,2,1,h,-11808021.0904628,14271412.5345474,2463391.44534861,True,Wetlands,81017.4444702508
BGD,3,2023,229.277286394587,178015.213717245,2023,42,2,h,-11808021.0904628,14271412.5345474,2463391.44534861,True,Cropland,91326.4116573039
BGD,3,2023,229.277286394587,178015.213717245,2023,42,2,h,-11808021.0904628,14271412.5345474,2463391.44534861,True,Forest,131978.601005766
BGD,3,2023,229.277286394587,178015.213717245,2023,42,2,h,-11808021.0904628,14271412.5345474,2463391.44534861,True,Grassland,19641.6542683522
BGD,3,2023,229.277286394587,178015.213717245,2023,42,2,h,-11808021.0904628,14271412.5345474,2463391.44534861,True,Other,10320.6433780852
BGD,3,2023,229.277286394587,178015.213717245,2023,42,2,h,-11808021.0904628,14271412.5345474,2463391.44534861,True,Settlements,659668.97527564
BGD,3,2023,229.277286394587,178015.213717245,2023,42,2,h,-11808021.0904628,14271412.5345474,2463391.44534861,True,Wetlands,81017.4444702508
BGD,3,2023,229.277286394587,178015.213717245,2023,51,1,h,-11808021.0904628,14271412.5345474,2463391.44534861,True,Cropland,91326.4116573039
BGD,3,2023,229.277286394587,178015.213717245,2023,51,1,h,-11808021.0904628,14271412.5345474,2463391.44534861,True,Forest,131978.601005766
BGD,3,2023,229.277286394587,178015.213717245,2023,51,1,h,-11808021.0904628,14271412.5345474,2463391.44534861,True,Grassland,19641.6542683522
BGD,3,2023,229.277286394587,178015.213717245,2023,51,1,h,-11808021.0904628,14271412.5345474,2463391.44534861,True,Other,10320.6433780852
BGD,3,2023,229.277286394587,178015.213717245,2023,51,1,h,-11808021.0904628,14271412.5345474,2463391.44534861,True,Settlements,659668.97527564
BGD,3,2023,229.277286394587,178015.213717245,2023,51,1,h,-11808021.0904628,14271412.5345474,2463391.44534861,True,Wetlands,81017.4444702508
BGD,3,,,,2024,12,1,h,-11808021.0904628,14271412.5345474,2463391.44534861,True,Cropland,91326.4116573039
BGD,3,,,,2024,12,1,h,-11808021.0904628,14271412.5345474,2463391.44534861,True,Forest,131978.601005766
BGD,3,,,,2024,12,1,h,-11808021.0904628,14271412.5345474,2463391.44534861,True,Grassland,19641.6542683522
BGD,3,,,,2024,12,1,h,-11808021.0904628,14271412.5345474,2463391.44534861,True,Other,10320.6433780852
BGD,3,,,,2024,12,1,h,-11808021.0904628,14271412.5345474,2463391.44534861,True,Settlements,659668.97527564
BGD,3,,,,2024,12,1,h,-11808021.0904628,14271412.5345474,2463391.44534861,True,Wetlands,81017.4444702508
BGD,3,,,,2024,41,1,h,-11808021.0904628,14271412.5345474,2463391.44534861,True,Cropland,91326.4116573039
BGD,3,,,,2024,41,1,h,-11808021.0904628,14271412.5345474,2463391.44534861,True,Forest,131978.601005766
BGD,3,,,,2024,41,1,h,-11808021.0904628,14271412.5345474,2463391.44534861,True,Grassland,19641.6542683522
BGD,3,,,,2024,41,1,h,-11808021.0904628,14271412.5345474,2463391.44534861,True,Other,10320.6433780852
BGD,3,,,,2024,41,1,h,-11808021.0904628,14271412.5345474,2463391.44534861,True,Settlements,659668.97527564
BGD,3,,,,2024,41,1,h,-11808021.0904628,14271412.5345474,2463391.44534861,True,Wetlands,81017.4444702508
