stratum,variable,valid_n,missing_n,mean,standard_deviation,median,first_quartile,third_quartile,interquartile_range,minimum,maximum,skewness,kurtosis,outcome,n,variance,variance_to_mean,zero_count,zero_fraction
all_year_daily,tmax,19316,0,30.13971255,3.345138142,30.690426,28.030424,32.450424,4.42,16.330425,40.200424,-0.506708633,0.0153870364,,,,,,
all_year_daily,tmin,19316,0,21.61418419,5.243302738,23.770426,17.160425,25.990425,8.83,6.450426,29.500425,-0.7008509843,-0.8649219516,,,,,,
all_year_daily,tmean,19316,0,25.47602555,4.170732755,26.996052,22.38740575,28.661468,6.27406225,10.637925,34.042923,-0.773218541,-0.524605914,,,,,,
all_year_daily,day_night_range,19316,0,8.525528361,3.309593893,8.110001,5.76,11.30999825,5.54999825,0.58,18.669999,0.2191380474,-0.9757270612,,,,,,
all_year_daily,precipitation,19315,1,5.328304425,10.51297633,0.6,0,6.7,6.7,0,261.09998,4.684842753,43.53858604,,,,,,
all_year_daily,rh_mean,19316,0,79.06006312,8.4005967,80.574125,74.35237625,85.004582,10.65220575,42.204617,97.49054,-0.8686630675,0.8281549628,,,,,,
all_year_daily,wind_speed_mean,19316,0,4.931550957,3.53407238,4.2136917,2.1897945,6.6185193,4.4287248,0,36.932915,1.13308387,1.520062135,,,,,,
all_year_daily,cloud_cover,19316,0,32.4423561,25.10949263,28.9791675,10.958333,49.541668,38.583335,0,99.958336,0.5793246456,-0.5016389218,,,,,,
all_year_daily,sunshine_duration,19316,0,471.3884496,172.6545395,502.29683,360.1777875,616.830975,256.6531875,0,811.8015,-0.6738869116,-0.2853113115,,,,,,
all_year_daily,shortwave_radiation,19315,1,4575.134403,1282.384152,4616,3919,5396.5,1477.5,266,7991,-0.4460116489,0.2962744231,,,,,,
all_year_daily,longwave_radiation,19315,1,9556.42102,1088.514671,10012,8599,10514.5,1915.5,6588,11220,-0.620355612,-1.050335047,,,,,,
all_year_daily,uv_radiation,19315,1,533.612401,140.9779099,529.64,457.1,629.545,172.445,36.629997,900.11,-0.2959486418,0.2217462643,,,,,,
all_year_daily,pressure_mean,19316,0,1007.995166,5.67201185,1008.050025,1003.4292,1012.849935,9.420735,987.86237,1021.05414,-0.1243044987,-0.9468330782,,,,,,
all_year_daily,evapotranspiration,19315,1,3.300342309,1.03487194,3.2817605,2.41776,4.0996804,1.6819204,0.39024,6.73776,0.1456682579,-0.8416419599,,,,,,
all_year_daily,soil_temperature_mean,19316,0,26.47029086,4.007351122,27.912711,23.42301925,29.5126065,6.08958725,12.919583,36.623333,-0.7399864954,-0.5940895166,,,,,,
all_year_daily,soil_moisture_mean,19316,0,0.3015822408,0.1033809905,0.3289375,0.1890728925,0.40254167,0.2134687775,0.12858331,0.43791673,-0.2076981855,-1.618700833,,,,,,
march_june_daily,tmax,6466,0,32.27558886,2.511179087,32.380424,30.662925,33.990425,3.3275,21.460424,40.200424,-0.2907647926,0.3240945329,,,,,,
march_june_daily,tmin,6466,0,23.82437793,3.039094956,24.550425,22.060425,26.110424,4.049999,12.060426,29.500425,-0.9267109362,0.4538795925,,,,,,
march_june_daily,tmean,6466,0,27.74565816,2.293431597,28.030844,26.4038615,29.3955265,2.991665,18.274176,34.042923,-0.6270207445,0.2598190605,,,,,,
march_june_daily,day_night_range,6466,0,8.451210935,2.968448978,8.16,6.230001,10.42,4.189999,0.58,18.669999,0.3669356299,-0.301019583,,,,,,
march_june_daily,precipitation,6466,0,7.266919268,13.03554016,1.7,0,9.4,9.4,0,261.09998,4.303712209,38.05044793,,,,,,
march_june_daily,rh_mean,6466,0,77.37830326,9.666452702,79.58287,71.94058,84.3452065,12.4046265,42.204617,97.47027,-0.8525742512,0.3526758773,,,,,,
march_june_daily,wind_speed_mean,6466,0,5.464723215,3.787548564,4.6800003,2.5959969,7.42159,4.8255931,0,36.932915,1.116789285,1.701414613,,,,,,
march_june_daily,cloud_cover,6466,0,34.8495104,23.69916741,30.9729165,16.63125,50.05833425,33.42708425,0,99.833336,0.6039515171,-0.3217892565,,,,,,
march_june_daily,sunshine_duration,6466,0,484.2579753,176.8644104,512.87395,369.9820175,621.654465,251.6724475,0,811.8015,-0.6164011611,-0.2865816598,,,,,,
march_june_daily,shortwave_radiation,6466,0,5198.638571,1443.965862,5519,4322.5,6331,2008.5,323,7991,-0.796041557,-0.01699043926,,,,,,
march_june_daily,longwave_radiation,6466,0,10010.76864,709.6290307,10251,9642.25,10555,912.75,7313,11220,-1.173363419,0.7718957818,,,,,,
march_june_daily,uv_radiation,6466,0,615.9839729,154.0711881,653.679965,529.985,729.55498,199.56998,46.460003,900.11,-0.9136147789,0.335790221,,,,,,
march_june_daily,pressure_mean,6466,0,1005.546443,4.310668249,1005.63333,1002.562515,1008.78754,6.225025,987.86237,1017.0625,-0.1579615269,-0.2774707514,,,,,,
march_june_daily,evapotranspiration,6466,0,3.80254693,0.9264580297,3.7828804,3.14064,4.51296,1.37232,1.04688,6.73776,-0.057113824,-0.5650399354,,,,,,
march_june_daily,soil_temperature_mean,6466,0,28.65621333,2.214879063,28.856039,27.38541975,30.187706,2.80228625,19.832085,36.623333,-0.4838206424,0.3014352363,,,,,,
march_june_daily,soil_moisture_mean,6466,0,0.3071106571,0.1038124901,0.34258333,0.1933020825,0.40398955,0.2106874675,0.12858331,0.43791673,-0.3877651002,-1.451898508,,,,,,
persistent_heatwave_days,tmax,270,0,37.19975826,0.9073447186,37.035425,36.49542525,37.67792425,1.182499,36.000423,40.200424,1.008826928,0.7123667469,,,,,,
persistent_heatwave_days,tmin,270,0,26.1537582,1.637541872,26.2904245,25.25292525,27.370424,2.11749875,21.050425,29.290424,-0.725414512,0.3610733262,,,,,,
persistent_heatwave_days,tmean,270,0,31.01442212,1.027124082,31.0245905,30.264593,31.71011325,1.44552025,28.450422,34.042923,0.2209174512,0.1905545874,,,,,,
persistent_heatwave_days,day_night_range,270,0,11.04600006,1.7201715,10.85,9.7800015,12.1549995,2.374998,7.790001,16.35,0.4546481586,-0.1857566797,,,,,,
persistent_heatwave_days,precipitation,270,0,1.077037044,3.343994036,0,0,0.375,0.375,0,27.9,4.687785831,25.36547213,,,,,,
persistent_heatwave_days,rh_mean,270,0,66.9581102,6.77572972,68.304742,63.18909,71.903099,8.714009,45.884144,82.835594,-0.7589625638,0.2769672928,,,,,,
persistent_heatwave_days,wind_speed_mean,270,0,7.094606979,3.687833791,6.87778975,4.39436,9.64636,5.252,0.35999998,20.008356,0.4801385986,-0.03613714706,,,,,,
persistent_heatwave_days,cloud_cover,270,0,17.81523153,12.16060076,17.204167,8.56562525,24.15416625,15.588541,0,60.75,1.043842681,1.56445271,,,,,,
persistent_heatwave_days,sunshine_duration,270,0,624.8228002,101.1033533,634.634725,577.405395,697.4036375,119.9982425,212.88184,811.8015,-1.04185051,1.897611074,,,,,,
persistent_heatwave_days,shortwave_radiation,270,0,6724.648148,548.0423747,6800,6456.25,7087.5,631.25,4090,7991,-1.296364482,3.857458433,,,,,,
persistent_heatwave_days,longwave_radiation,270,0,10042.88889,464.0990579,10120,9717.75,10410.5,692.75,8817,10958,-0.3828186282,-0.6539954104,,,,,,
persistent_heatwave_days,uv_radiation,270,0,780.7307019,57.24917859,789.02505,754.1950375,814.31995,60.1249125,459.76,900.11,-1.643377845,6.030391407,,,,,,
persistent_heatwave_days,pressure_mean,270,0,1004.671675,2.545559998,1004.756195,1002.934445,1006.436463,3.5020175,997.69574,1012.70825,0.07339365852,0.1019137064,,,,,,
persistent_heatwave_days,evapotranspiration,270,0,3.889573329,0.858493568,3.7526403,3.270239925,4.53779955,1.267559625,1.8892803,6.2164803,0.2940515353,-0.4315747927,,,,,,
persistent_heatwave_days,soil_temperature_mean,270,0,32.24362981,1.219259742,32.177293,31.55604225,32.8865605,1.33051825,28.557089,36.623333,0.2891856936,1.400235568,,,,,,
persistent_heatwave_days,soil_moisture_mean,270,0,0.183243209,0.04300128905,0.165520835,0.15399998,0.2025833525,0.0485833725,0.13429163,0.32779172,1.380428689,1.031848115,,,,,,
non_heatwave_hot_season_days,tmax,6196,0,32.06101079,2.332867384,32.260426,30.577925,33.800426,3.222501,21.460424,37.820423,-0.5558412228,0.3356227513,,,,,,
non_heatwave_hot_season_days,tmin,6196,0,23.72287168,3.045556056,24.420425,21.930426,26.040424,4.109998,12.060426,29.500425,-0.9043726567,0.3905246858,,,,,,
non_heatwave_hot_season_days,tmean,6196,0,27.60321686,2.226496317,27.928135,26.329488,29.21511225,2.88562425,18.274176,32.56876,-0.7025212329,0.2916529545,,,,,,
non_heatwave_hot_season_days,day_night_range,6196,0,8.338139104,2.959901364,8.0099995,6.1500015,10.25,4.0999985,0.58,18.669999,0.4291547638,-0.2144917921,,,,,,
non_heatwave_hot_season_days,precipitation,6196,0,7.536652677,13.23265047,1.9000001,0,9.799999,9.799999,0,261.09998,4.237526053,36.99229857,,,,,,
non_heatwave_hot_season_days,rh_mean,6196,0,77.83237881,9.517389275,80.038035,72.861795,84.5241245,11.6623295,42.204617,97.47027,-0.9341565193,0.5791296996,,,,,,
non_heatwave_hot_season_days,wind_speed_mean,6196,0,5.393698584,3.776159557,4.6102495,2.5455842,7.289445,4.7438608,0,36.932915,1.156075081,1.853835042,,,,,,
non_heatwave_hot_season_days,cloud_cover,6196,0,35.59180467,23.80147899,32.0770835,17.4354175,50.9635445,33.528127,0,99.833336,0.562891723,-0.3712688727,,,,,,
non_heatwave_hot_season_days,sunshine_duration,6196,0,478.132652,176.9232361,504.93283,364.8588325,614.9460225,250.08719,0,807.26666,-0.5859846704,-0.3272109911,,,,,,
non_heatwave_hot_season_days,shortwave_radiation,6196,0,5132.140413,1434.208121,5437,4254,6261,2007,323,7889,-0.7782202584,-0.05055215544,,,,,,
non_heatwave_hot_season_days,longwave_radiation,6196,0,10009.36895,718.4158571,10257,9633,10560,927,7313,11220,-1.17227473,0.7210958263,,,,,,
non_heatwave_hot_season_days,uv_radiation,6196,0,608.8048869,152.9566275,645.89997,523.095,720.6624875,197.5674875,46.460003,892.95,-0.9039089864,0.3082574282,,,,,,
non_heatwave_hot_season_days,pressure_mean,6196,0,1005.584563,4.367556499,1005.71246,1002.53754,1008.87506,6.33752,987.86237,1017.0625,-0.1760933353,-0.3167467725,,,,,,
non_heatwave_hot_season_days,evapotranspiration,6196,0,3.798754624,0.9291857957,3.78431995,3.1320002,4.5115201,1.3795199,1.04688,6.73776,-0.06728525373,-0.5760396318,,,,,,
non_heatwave_hot_season_days,soil_temperature_mean,6196,0,28.49988627,2.114143465,28.751669,27.309792,30.016356,2.706564,19.832085,34.58542,-0.6472235443,0.2779380363,,,,,,
non_heatwave_hot_season_days,soil_moisture_mean,6196,0,0.312508367,0.102316145,0.34985408,0.2064062425,0.40512502,0.1987187775,0.12858331,0.43791673,-0.4803456635,-1.348168728,,,,,,
annual_persistent_count_distribution,,,,5.094339623,,,,,,0,28,1.507536138,,heatwave_days,53,58.89477504,11.56082621,31,0.5849056604
